0,0.0,0.0,1.5046327690525283e-36,-2.306825783179058e-21,7.951142477694883e-18,-8.085922184184274e-19,0
0.016827117299353902,-0.00047251613658017,-0.00353656510801148,-8.579058061337947e-08,-5.0983528007457855e-06,-0.028080634857143176,-0.21017058626835178,0
0.033654234598707804,-0.0014032479811731946,-0.010611576444393478,-2.556951095457963e-07,-1.0097066889496383e-05,-0.055311425482900765,-0.42045296354200357,0
0.0504813518980617,-0.0027760962705765113,-0.02122708144191865,-5.078254486335676e-07,-1.4983572919667705e-05,-0.08158547093857843,-0.6308570154160367,0
0.06730846919741561,-0.004572801945487814,-0.03538531223524277,-8.400393838553234e-07,-1.9742771700283497e-05,-0.10677441910888777,-0.8413937183326996,0
0.08413558649676951,-0.006772482093591714,-0.053088704715594126,-1.2498858576169093e-06,-2.4356309310866323e-05,-0.13072233995739926,-1.0520751811144142,0
0.10096270379612342,-0.00935102334050808,-0.07433991660261352,-1.7345333187987974e-06,-2.880157382576072e-05,-0.1532372539544406,-1.2629145865546776,0
0.11778982109547732,-0.012280273715016055,-0.0991418410362428,-2.2906741801497934e-06,-3.3050275424245446e-05,-0.17407915582946712,-1.4739259251839447,0
0.13461693839483121,-0.015526942304051383,-0.1274976084659052,-2.914394587406857e-06,-3.706638493976436e-05,-0.1929426491350273,-1.6851232998032126,0
0.15144405569418512,-0.019051062626153525,-0.1594105619129751,-3.600992319893283e-06,-4.080305142336284e-05,-0.20943101895687602,-1.8965193431138145,0
0.16827117299353903,-0.022803782017533303,-0.19488417417537018,-4.344714419271739e-06,-4.419783175766564e-05,-0.22301617826916367,-2.1081217674615345,0
0.18509829029289293,-0.02672406709988251,-0.23392183843243597,-5.138365443597789e-06,-4.716500219204982e-05,-0.23297425296424934,-2.319925841282703,0
0.20192540759224684,-0.030733580466339783,-0.2765263750267257,-5.972696850949904e-06,-4.958255133617858e-05,-0.23827690121473083,-2.5318975220982254,0
0.21875252489160074,-0.03472828817397189,-0.32269886821308,-6.835403761548482e-06,-5.12688474938058e-05,-0.237397032217491,-2.7439336378862773,0
0.23557964219095465,-0.038563797443345704,-0.37243579408097105,-7.709365206102363e-06,-5.1937680648932576e-05,-0.22793620565839806,-2.9557603351229997,0
0.25240675949030855,-0.042027603877415,-0.4257212898616576,-8.569294202165632e-06,-5.1103761906894335e-05,-0.20584669212543327,-3.1666443415553487,0
0.26923387678966243,-0.04478125551284551,-0.4825033798602645,-9.374693483443661e-06,-4.786317626087091e-05,-0.1636436940713656,-3.374439542344479,0
0.2860609940890163,-0.04622882468762768,-0.5426058018634183,-1.0053557840576424e-05,-4.034347327837167e-05,-0.08602597515878678,-3.571759852500826,0
0.3028881113883702,-0.04526446748862489,-0.6053374836408318,-1.0469302786228215e-05,-2.470684302289012e-05,0.057309709193945214,-3.728011201290014,0
0.31971522868772406,-0.04075440582287526,-0.6684670765585174,-1.0469343411682223e-05,-2.4142848278409774e-09,0.2680234282266986,-3.751658218969564,0
0.33654234598707794,-0.03269402851849046,-0.7312421974512437,-1.0469364163167104e-05,-1.2332168669395803e-09,0.47901117945438454,-3.730592696060726,0
0.3533694632864318,-0.021199895414920844,-0.7930479123431144,-1.0553282364429653e-05,-4.987081255083802e-06,0.6830720258903344,-3.6729829472478475,0
0.3701965805857857,-0.006857474281376286,-0.8527047388636362,-1.0653223466668822e-05,-5.939288379526502e-06,0.8523397607793782,-3.5452790551834634,0
0.3870236978851396,0.009838964852299847,-0.9096803168531729,-1.0730317099100618e-05,-4.581511560097435e-06,0.9922340729336125,-3.3859381245126783,0
0.40385081518449345,0.02855325417582133,-0.9637133120571564,-1.0762132774708017e-05,-1.890738326753922e-06,1.1121506429526389,-3.211066651686813,0
0.4206779324838473,0.049054999185858206,-1.0146583423490565,-1.0734639395066928e-05,1.63387341702448e-06,1.218375354810163,-3.0275554264930613,0
0.4375050497832012,0.07117974279233441,-1.0624258878933404,-1.0638388890166042e-05,5.719963983529139e-06,1.3148267295505665,-2.8387242267641275,0
0.4543321670825551,0.09480528832246571,-1.1069564388901396,-1.0466640056863734e-05,1.0206669998394537e-05,1.4040162144134545,-2.6463564854631287,0
0.47115928438190896,0.11983769048243853,-1.148208072476903,-1.0214362744966356e-05,1.499230720296158e-05,1.4876227291132165,-2.4514973570869745,0
0.48798640168126284,0.14620266261125714,-1.186149901530821,-9.877669574286335e-06,2.000896319216954e-05,1.5668145446298805,-2.254802672313418,0
0.5048135189806168,0.17384008341852963,-1.2207583499888637,-9.453471080781286e-06,2.5209219496711207e-05,1.642433478985575,-2.0567069119656733,0
0.5216406362799707,0.20270034700888884,-1.252014901985631,-8.939255496820913e-06,3.0558744840362214e-05,1.7151044398717552,-1.8575107928893302,0
0.5384677535793246,0.2327418535232031,-1.2799046718950855,-8.33294202944425e-06,3.603192730982453e-05,1.7853032090930492,-1.6574300525332786,0
0.5552948708786786,0.26392923196167883,-1.3044154573725537,-7.632779568641322e-06,4.160917454443879e-05,1.8533999545888735,-1.4566241526352826,0
0.5721219881780325,0.2962320486601322,-1.3255370899643077,-6.837274621181993e-06,4.727517692371245e-05,1.9196880917745982,-1.255213963033555,0
0.5889491054773864,0.3296238473600437,-1.3432609763430143,-5.945138699340356e-06,5.3017751404016005e-05,1.9844039894584768,-1.0532930901590556,0
0.6057762227767404,0.36408142154173495,-1.357579765818862,-4.955249048026669e-06,5.8827048845225036e-05,2.047740772748308,-0.8509353813321805,0
0.6226033400760943,0.399584253162272,-1.3684871039594375,-3.8666187544492735e-06,6.469499642680505e-05,2.109858212132144,-0.648200042023436,0
0.6394304573754482,0.4361140730295636,-1.3759774464335965,-2.6783736077667822e-06,7.061489651016022e-05,2.1708899520603993,-0.4451352148383938,0
0.6562575746748022,0.4736545116936619,-1.380045915924799,-1.3897339122076768e-06,7.6581132264542e-05,2.2309488901916152,-0.2417805390445123,0
0.6730846919741561,0.5121908187866211,-1.380688190460205,5.721453631357952e-20,8.258894779515951e-05,2.2901312451455764,-0.03816901754350249,1
0.6808070332267553,0.5306273405070727,-1.3809954671381162,7.202946720035107e-07,9.327413130610622e-05,2.3874264445718167,-0.039790611145035445,1
0.6885293744793545,0.5498152085975843,-1.3813152663091568,1.522544640531701e-06,0.00010388688381751845,2.484721597101821,-0.041412203964961106,1
0.6962517157319537,0.5697544226070264,-1.381647587965805,2.4060531373144198e-06,0.00011440940873506227,2.5820166912130587,-0.04303379581123648,1
0.7039740569845528,0.5904449819579014,-1.3819924320984383,3.3699282177689343e-06,0.00012481643181791463,2.679311710541547,-0.04465538641112739,1
0.711696398237152,0.6118868858845996,-1.382349798694296,4.412987396700577e-06,0.00013507032968186462,2.7766066307277795,-0.04627697535864026,1
0.7194187394897512,0.6340801333236019,-1.3827196877356522,5.533588069271029e-06,0.0001451115194065746,2.873901413194434,-0.047898562010817006,1
0.7271410807423504,0.657024722697606,-1.3831020991962175,6.729294083809217e-06,0.0001548372411156222,2.9711959914091293,-0.04952014525877987,1
0.7348634219949496,0.6807206514246333,-1.3834970330329615,7.996117553293566e-06,0.00016404655376019733,3.068490235272118,-0.051141722934190406,1
0.7425857632475488,0.7051679145095662,-1.3839044891626289,9.326343423817016e-06,0.0001722568100752074,3.16578383229526,-0.05276328982889069,1
0.750308104500148,0.7303664981934741,-1.3843244673559063,1.0698720241232877e-05,0.00017771512194067937,3.263075647613786,-0.054384827028386845,1
0.7580304457527471,0.7562575964176728,-1.3847559875076154,1.1779998006204288e-05,0.0001400194228148039,3.3527524072417467,-0.05587944608951691,1
0.7657527870053463,0.7813973836234811,-1.385174985755393,1.2713380525908276e-05,0.00012086781575243887,3.255461832555265,-0.054257929567310036,1
0.7734751282579455,0.8057858388317314,-1.3855814617495863,1.353126849088122e-05,0.00010591191689306536,3.1581685411838776,-0.05263636776682749,1
0.7811974695105447,0.829422955733393,-1.385975415385043,1.4243405494929229e-05,9.221775893431364e-05,3.0608744328284194,-0.05101479234988546,1
0.7889198107631439,0.852308731288252,-1.3863568466110934,1.4854486753469046e-05,7.913160511103794e-05,2.9635799307821813,-0.049393210371402325,1
0.7966421520157431,0.8744431637071766,-1.386725755397916,1.536727532951472e-05,6.640325249388362e-05,2.8662851970533567,-0.04777162453152621,1
0.8043644932683423,0.8958262518116458,-1.3870821417258714,1.5783591275979544e-05,5.3910586549191504e-05,2.768990310712694,-0.04615003614810858,1
0.8120868345209414,0.916457994766724,-1.3874260055810428,1.6104724025890874e-05,4.158489496956105e-05,2.671695316252579,-0.04452844596269235,1
0.8198091757735406,0.9363383919499246,-1.387757346953057,1.6331634917001807e-05,2.9383691252061067e-05,2.574400241183862,-0.04290685443379367,1
0.8275315170261398,0.9554674428792742,-1.388076165833879,1.6465068283979222e-05,1.727887471075466e-05,2.4771051037023493,-0.04128526186467727,1
0.835253858278739,0.9738451471705627,-1.3883824622171055,1.6505617483114074e-05,5.250894490400482e-06,2.379809916467672,-0.03966366846633791,1
0.8429761995313382,0.9914715045103342,-1.3886762360975142,1.6453766598706077e-05,-6.714399520692019e-06,2.2825146886423684,-0.03804207439148522,1
0.8506985407839374,1.0083465146379935,-1.3889574874707593,1.630991808330389e-05,-1.8627578177706012e-05,2.185219427071329,-0.036420479754201186,1
0.8584208820365365,1.0244701773334723,-1.3892262163331743,1.6074411800721007e-05,-3.0496746371779344e-05,2.0879241370026733,-0.03479888464195485,1
0.8661432232891357,1.0398424924084573,-1.3894824226816214,1.5747538573263803e-05,-4.2328254703787214e-05,1.9906288225485753,-0.033177289123282744,1
0.8738655645417349,1.0544634596999813,-1.3897261065133826,1.5329550082350288e-05,-5.412717169985033e-05,1.8933334869910328,-0.03155569325288504,1
0.8815879057943341,1.068333079065626,-1.3899572678260848,1.48206662721407e-05,-6.589760715734443e-05,1.7960381329912423,-0.02993409707511523,1
0.8893102470469333,1.081451350379869,-1.3901759066176371,1.4221080996681062e-05,-7.764293960012901e-05,1.698742762736881,-0.028312500626434742,1
0.8970325882995325,1.0938182735312427,-1.3903820228861798,1.3530966402296828e-05,-8.93659800566068e-05,1.6014473780481575,-0.026690903937180523,1
0.9047549295521317,1.1054338484201005,-1.3905756166300538,1.2750476380533938e-05,-0.0001010690924186225,1.504151980455748,-0.025069307032863947,1
0.9124772708047308,1.1162980749568305,-1.390756687847765,1.1879749325647895e-05,-0.00011275428349860915,1.4068565712591095,-0.02344770993514273,1
0.92019961205733,1.1264109530604132,-1.3909252365379636,1.091891036333505e-05,-0.00012442327150076336,1.309561151570818,-0.02182611266255988,1
0.9279219533099292,1.1357724826572397,-1.3910812626994211,9.868073171647048e-06,-0.00013607753883104667,1.2122657223507642,-0.02020451523111364,1
0.9356442945625284,1.144382663680144,-1.3912247663310202,8.727341483287395e-06,-0.00014771837335641883,1.1149702844328684,-0.01858291765470275,1
0.9433666358151276,1.152241496067587,-1.3913557474317333,7.496810336057956e-06,-0.00015934690101800824,1.0176748385462007,-0.016961319945478427,1
0.9510889770677268,1.1593489797629828,-1.3914742060006189,6.1765671221078945e-06,-0.0001709641118850777,0.92037938533185,-0.015339722114125527,1
0.958811318320326,1.1657051147141209,-1.3915801420368057,4.766692474887781e-06,-0.00018257088117129295,0.8230839253565335,-0.013718124170089385,1
0.9665336595729251,1.1713099008726777,-1.391673555539489,3.2672610240183015e-06,-0.00019416798633904297,0.725788459123672,-0.012096526121760376,1
0.9742560008255243,1.1761633381938,-1.391754446507921,1.6783420417800608e-06,-0.00020575612113390412,0.6284929870824771,-0.010474927976625399,1
0.9819783420781235,1.1802654266357422,-1.3918228149414062,-6.616208901904534e-20,-0.00021733590718778524,0.5311975096354654,-0.00885332974139309,2
0.993159464791828,1.1849667337006582,-1.3909477057160755,-2.579281163382778e-06,-0.00023068176868425483,0.4204682468218303,0.07826666853930489,2
1.0043405875055325,1.1884330274506447,-1.3890946151868855,-5.304703383554539e-06,-0.00024375210701576132,0.3100130316745569,0.1657338512989622,2
1.0155217102192369,1.1906676055451517,-1.3862593934488672,-8.172963205038204e-06,-0.0002565269959937599,0.1998527475046504,0.25357218685573624,2
1.0267028329329413,1.1916740266640815,-1.3824375940666744,-1.1180509425758201e-05,-0.0002689842780402691,0.09001073905662005,0.3418081958359232,2
1.0378839556466457,1.191456142495099,-1.37762444137135,-1.4323514299103997e-05,-0.00028109921999189925,-0.019486788093601496,0.43047132372701974,2
1.0490650783603501,1.190018135123068,-1.3718147928106674,-1.7597840120302906e-05,-0.0002928441002888296,-0.12861028439087477,0.519594383268847,2
1.0602462010740545,1.1873645610019645,-1.365003095391934,-2.099900024002262e-05,-0.0003041877105659823,-0.23732626758852876,0.6092140828024334,2
1.071427323787759,1.1835004030103087,-1.357183335026238,-2.4522113301490735e-05,-0.00031509474958839204,-0.3455965997859253,0.6993716611399765,2
1.0826084465014634,1.1784311325174643,-1.3483489772875448,-2.816184917391335e-05,-0.0003255250805976091,-0.45337759209286477,0.790113655390082,2
1.0937895692151678,1.1721627839611242,-1.3384928977170576,-3.1912364626276386e-05,-0.000335432813727892,-0.5606188856731139,0.881492835992536,2
1.1049706919288722,1.1647020452161478,-1.3276072993028114,-3.5767226211098076e-05,-0.0003447651621095499,-0.6672620394214612,0.9735693537197329,2
1.1161518146425766,1.156056368110495,-1.3156836141050219,-3.971931704854876e-05,-0.0003534610019748313,-0.7732387280794938,1.0664121576244268,2
1.127332937356281,1.1462341049490288,-1.3027123851211861,-4.3760723130942504e-05,-0.0003614490410325492,-0.878468416183297,1.1601007623262778,2
1.1385140600699855,1.1352446790453956,-1.2886831233100056,-4.78825932765822e-05,-0.00036864546175961825,-0.9828553165021017,1.2547274697182642,2
1.1496951827836899,1.123098800355801,-1.2735841331056852,-5.2074964753756615e-05,-0.0003749508510610712,-1.0862843562840192,1.350400187076815,2
1.1608763054973943,1.109808741866369,-1.257402297594326,-5.632654356671269e-05,-0.000380246145397765,-1.1886157436710252,1.447246034740342,2
1.1720574282110987,1.0953886992394049,-1.240122811572311,-6.062442396791278e-05,-0.0003843871954006351,-1.2896775213177467,1.545416007359452,2
1.1832385509248031,1.0798552667625798,-1.2217288466712715,-6.4953725169362e-05,-0.0003871973604488866,-1.3892551646698397,1.6450910496214886,2
1.1944196736385075,1.0632280792508921,-1.2022011272634732,-6.929711322122737e-05,-0.000388457238439437,-1.4870767397360927,1.7464900357330246,2
1.205600796352212,1.0455306964224587,-1.1815173886358368,-7.363416053657356e-05,-0.0003878901454308279,-1.5827912170876932,1.8498802988968703,2
1.2167819190659164,1.02679185101884,-1.1596516800078005,-7.794047108841681e-05,-0.0003851411582055715,-1.6759359398362583,1.9555915079288286,2
1.2279630417796208,1.0070472587661703,-1.1365734659745765,-8.218646004050045e-05,-0.00037974620804660466,-1.765886374582779,2.064033695375806,2
1.2391441644933252,0.986342324303362,-1.1122464776079948,-8.633561289614644e-05,-0.00037108553067810503,-1.8517759792968365,2.175719647254867,2
1.2503252872070296,0.9647363249379,-1.086627291670938,-9.034194686051576e-05,-0.00035831231505936977,-1.9323640316531538,2.2912892196101957,2
1.261506409920734,0.942309113100054,-1.0596637471193437,-9.414624203757767e-05,-0.0003402426817597756,-2.005810365568953,2.411523890936286,2
1.2726875326344385,0.9191722149081807,-1.0312937772978348,-9.767042725641444e-05,-0.0003151906395447727,-2.069282198604005,2.537309584012476,2
1.2838686553481429,0.8954875394195545,-1.001446775809316,-0.00010080955465212322,-0.00028075243213028126,-2.1182734592116623,2.6694100630815636,2
1.2950497780618473,0.8714977910079118,-0.9700542622533499,-0.0001034224047705938,-0.00023368405709031973,-2.1455581005512445,2.80763518653473,2
1.3062309007755517,0.8475656654217216,-0.937087471009936,-0.00010532970519712442,-0.00017058219245379757,-2.140404519204666,2.948433005122289,2
1.3174120234892561,0.8241795286906424,-0.9026429919018994,-0.00010634862602890072,-9.11286690883562e-05,-2.0915732104810165,3.0805921721808023,2
1.3285931462029605,0.801834575654381,-0.8670163109918105,-0.00010637933460543406,-2.746466282708956e-06,-1.9984534298045171,3.186324112731352,2
1.339774268916665,0.7808394245844661,-0.830577408436028,-0.00010637383760865929,4.916319153107816e-07,-1.8777319243789188,3.2589663389630554,2
1.3509553916303694,0.7612932683998168,-0.7935203749750812,-0.00010239271364590077,0.00035605762183608833,-1.7481389557327536,3.3142497770392434,2
1.3621365143440738,0.7432906189190613,-0.7561482777572666,-9.499445884005019e-05,0.000661673697315152,-1.6100931848905893,3.3424279631600435,2
1.3733176370577782,0.7268606775107536,-0.7186852269640767,-8.466257801048473e-05,0.000924046814839602,-1.4694357471074855,3.3505625286866207,2
1.3844987597714826,0.7120044327927371,-0.6812940507229968,-7.178322849637056e-05,0.0011518833881307426,-1.3286898908471967,3.344134323402596,2
1.395679882485187,0.6987117873865185,-0.6440948314986654,-5.665986171662035e-05,0.0013525803416633755,-1.1888471083436623,3.3269663679419783,2
1.4068610051988915,0.6869689079297157,-0.6071783103620687,-3.953248749754684e-05,0.0015318116667017386,-1.05024153275897,3.301682852594482,2
1.4180421279125959,0.676761305768184,-0.5706148023125026,-2.0593598066766366e-05,0.0016938271689151613,-0.9129317710666199,3.270110612840911,2
1.4292232506263003,0.6680750846862793,-0.5344600677490234,8.396360151882111e-19,0.001841818446572536,-0.7768648376661975,3.2335513605589394,3
1.436590525182988,0.6630066413275784,-0.5108346699369308,1.4231278636675505e-05,0.0019316883777336523,-0.6879672149723662,3.2068029541054006,3
1.4439577997396758,0.6585780587240859,-0.48745082837457243,2.9005031396905645e-05,0.0020053213229135,-0.6011154558468842,3.174015218576653,3
1.4513250742963635,0.6547704461678148,-0.46435363532397567,4.419404420535266e-05,0.002061686813981221,-0.5168278346318924,3.1351068665724195,3
1.4586923488530512,0.6515610110614385,-0.4415880367242089,5.9664953668876376e-05,0.0020999501707909445,-0.4356339758591716,3.090097759299668,3
1.466059623409739,0.6489231593272624,-0.41919802243615223,7.528013150334026e-05,0.002119532496633514,-0.35804987500865304,3.039117670418823,3
1.4734268979664267,0.6468267945030473,-0.39722581558147674,9.0899900662733e-05,0.0021201557019848976,-0.28455092966667944,2.9824064089928326,3
1.4807941725231144,0.6452388038304209,-0.37571113124960487,0.00010638491506663812,0.00210186471059437,-0.21554655801243647,2.9203044037963846,3
1.4881614470798021,0.6441236930272254,-0.3546905681484702,0.00012159850466196285,0.0020650227541160436,-0.1513600171427855,2.853234658134686,3
1.4955287216364899,0.6434443116267694,-0.3341971777759136,0.00013640879470530067,0.0020102807258550854,-0.09221610993702736,2.781678654008256,3
1.5028959961931776,0.6431626027488195,-0.31426022950287,0.00015069045015904837,0.001938526295431127,-0.03823786880514776,2.7061497599468374,3
1.5102632707498653,0.6432403158590234,-0.2949051636368978,0.00016432595962258414,0.001850821407382975,0.010548420532763954,2.627167715421072,3
1.517630545306553,0.6436396354171818,-0.27615370414673635,0.0001772064403322178,0.0017483372732441825,0.05420180218419941,2.545236959187188,3
1.5249978198632408,0.6443236971240371,-0.25802409137519167,0.00018923200122629856,0.0016322943853379602,0.09285139322443114,2.46083034262484,3
1.5323650944199285,0.6452569817364271,-0.24053139260740064,0.00020031173678362264,0.001503912399641301,0.1266797653879658,2.37437856200322,3
1.5397323689766163,0.6464055908203057,-0.22368785248830125,0.00021036343963801038,0.0013643719637541811,0.15590691985762178,2.2862647495347375,3
1.547099643533304,0.6477374181030466,-0.20750325299336314,0.00021931311912202426,0.0012147883746129883,0.18077611639055813,2.1968231766586044,3
1.5544669180899917,0.649222234604502,-0.19198526135080662,0.00022709440196948393,0.0010561955832668506,0.2015421700427275,2.106340889450061,3
1.5618341926466794,0.6508317066212661,-0.17713975227820278,0.00023364787597277375,0.0008895384518233492,0.21846233697138992,2.015061195069505,3
1.5692014672033672,0.6525393642368296,-0.16297109730034798,0.0002389204214331565,0.0007156710965271848,0.23178959904695368,1.9231881299974711,3
1.576568741760055,0.6543205354620802,-0.14948241857034716,0.0002428645610532766,0.0005353593910184407,0.24176799867383716,1.8308912782076356,3
1.5839360163167426,0.6561522581771588,-0.13667580769923404,0.0002454378474647348,0.00034928607474405245,0.24862962564844265,1.7383105207458984,3
1.5913032908734304,0.6580131792320545,-0.124552511938826,0.0002466022989751378,0.00015805729804780963,0.25259287414590803,1.6455604670526656,3
1.598670565430118,0.6598834476122919,-0.11311309100233569,0.00024632388803110916,-3.77902224069609e-05,0.2538616371423137,1.5527344404594339,3
1.6060378399868058,0.6617446065708359,-0.1023575481447283,0.00024457208283298437,-0.00023778198907243412,0.25262516609406227,1.459907972052462,3
1.6134051145434936,0.6635794880595984,-0.09228543908883058,0.00024131944000176396,-0.00044149879391704183,0.24905838307563102,1.3671418077875837,3
1.6207723891001813,0.6653721116109197,-0.08289596213680728,0.0002365412447539677,-0.000648570269921228,0.24332248479781243,1.274484462303732,3
1.628139663656869,0.6671075889530491,-0.07418803245864591,0.00023021519433954227,-0.0008586690187495629,0.23556572091566488,1.1819743666613178,3
1.6355069382135567,0.6687720350266328,-0.06616034316841368,0.00022232112028333168,-0.001071505343733207,0.22592426287038506,1.0896416617112847,3
1.6428742127702445,0.6703524856419758,-0.05881141542529633,0.00021284074505688408,-0.0012868225764543532,0.21452310527889015,0.9975096878188348,3
1.6502414873269322,0.6718368217305888,-0.05213963945149658,0.00020175746906708048,-0.0015043929616800529,0.20147696101073773,0.9055962177685649,3
1.65760876188362,0.67321369996053,-0.04614330805238431,0.00018905618419637316,-0.0017240140533686804,0.18689112498073568,0.8139144744740775,3
1.6649760364403077,0.6744724893739278,-0.040820643958500824,0.00017472311051179964,-0.0019455055698469304,0.17086229157224297,0.7224739695701211,3
1.6723433109969954,0.6756032136447603,-0.03616982208262698,0.00015874565314285999,-0.0021687066561807407,0.1534793175050244,0.6312811936202073,3
1.6797105855536831,0.6765964985293556,-0.03218898759455602,0.00014111227669239156,-0.0023934735043270156,0.13482392667090354,0.5403401838006568,3
1.6870778601103709,0.6774435240795129,-0.02887627055732178,0.00012181239487952919,-0.0026196772856001468,0.11497135659050503,0.449652990633728,3
1.6944451346670586,0.6781359812003886,-0.02622979773684264,0.00010083627341539744,-0.002847202354521864,0.09399094815154237,0.35922006165454656,3
1.7018124092237463,0.6786660321565106,-0.0242477020881946,7.817494437958361e-05,-0.0030759446877580594,0.07194668150929692,0.26904055677531896,3
1.709179683780434,0.6790262746554867,-0.022928130332191543,5.382013060006081e-05,-0.0033058105262963977,0.04889766170707034,0.17911260749824218,3
1.7165469583371218,0.6792097091674805,-0.022269248962402344,2.776417874351927e-05,-0.0035367151931356222,0.024898557883589703,0.0894335299599448,4
1.7239142328938095,0.6792097091674805,-0.022269248962402344,-1.8071950464719705e-18,-0.003768582062469983,4.183312845484363e-19,-2.586488539570832e-19,4
1.7362603297501584,0.6811304261241684,-0.022269248962402344,-5.159100054949175e-05,-0.004178729613882663,0.1555728080733605,3.707115247232797e-20,4
1.7486064266065073,0.6849718599774781,-0.022269248962402344,-0.00010818788997441879,-0.004584192889740803,0.31114561128151685,3.7071152371292276e-20,4
1.7609525234628562,0.6907340106600617,-0.022269248962402344,-0.00016972618318372227,-0.004984433050001282,0.46671840903472495,3.707115240061278e-20,4
1.7732986203192052,0.6984168780958866,-0.022269248962402344,-0.00023613352458190054,-0.005378812605380423,0.6222912006294262,3.7071152307633394e-20,4
1.785644717175554,0.7080204621984421,-0.022269248962402344,-0.00030732815351292177,-0.0057665697717581635,0.7778639852170417,3.707115244353237e-20,4
1.797990814031903,0.719544762868424,-0.022269248962402344,-0.0003832169430397171,-0.006146783911529803,0.9334367617613183,3.707115244649853e-20,4
1.8103369108882519,0.732989779990683,-0.022269248962402344,-0.00046369285269601257,-0.006518328066972037,1.089009528978807,3.7071151310174824e-20,4
1.8226830077446008,0.748355513430123,-0.022269248962402344,-0.0005486315586522004,-0.006879802333035104,1.2445822852538133,3.7071152419310525e-20,4
1.8350291046009497,0.7656419630260549,-0.022269248962402344,-0.000637886900085323,-0.0072294379731212225,1.4001550285135045,3.707115251120947e-20,4
1.8473752014572986,0.7848491285842178,-0.022269248962402344,-0.0007312845718827177,-0.007564955376918537,1.5557277560385818,3.707115045840953e-20,4
1.8597212983136475,0.8059770098651171,-0.022269248962402344,-0.0008286131295398061,-0.007883346355495077,1.7113004641652727,3.707115257639243e-20,4
1.8720673951699964,0.8290256065663071,-0.022269248962402344,-0.0009296107037982317,-0.008180526642028339,1.8668731477946268,3.7071152577186164e-20,4
1.8844134920263453,0.8539949182941284,-0.022269248962402344,-0.001033944520913733,-0.008450753167536271,2.022445799538729,3.7071148281774306e-20,4
1.8967595888826942,0.8808849445158016,-0.022269248962402344,-0.0011411775960944721,-0.008685585122847457,2.1780184081291254,3.7071152661751846e-20,4
1.9091056857390432,0.9096956844714801,-0.022269248962402344,-0.0012507106937010928,-0.008871880634104445,2.333590955174045,3.707115259366242e-20,4
1.921451782595392,0.9404271369943955,-0.022269248962402344,-0.0013616713618775443,-0.008987509936744912,2.4891634077138707,3.7071142616577864e-20,4
1.933797879451741,0.9730793000809839,-0.022269248962402344,-0.0014726718999163787,-0.008990739286299296,2.6447356979705394,3.707115238438551e-20,4
1.9461439763080899,1.0076521695754699,-0.022269248962402344,-0.0015811616572813216,-0.008787372934722452,2.800307651620838,3.7071151812727285e-20,4
1.9584900731644388,1.0441457327510344,-0.022269248962402344,-0.0016809107258812018,-0.00807940110631675,2.9558785744336205,3.707115100383115e-20,4
1.9708361700207877,1.0825598300248216,-0.022269248962402344,-0.001733445877260791,-0.0042552032428428135,3.111436571472625,3.707115873426026e-20,4
1.9831822668771366,1.119053332721307,-0.022269248962402344,-0.001746247140027916,-0.0010368671909892874,2.9558736757940305,3.707115229050769e-20,4
1.9955283637334855,1.1536261518060114,-0.022269248962402344,-0.0017401445491936334,0.0004942931280459623,2.8003035685667044,3.707115226043812e-20,4
2.0078744605898344,1.1862782723026197,-0.022269248962402344,-0.0017200270139310827,0.0016294652064232143,2.644732248298941,3.707115279264139e-20,4
2.0202205574461836,1.2170096882511041,-0.022269248962402344,-0.0016880774647717823,0.0025878258959933847,2.4891604452852696,3.7071152519650434e-20,4
2.0325666543025327,1.245820396474357,-0.022269248962402344,-0.001645532494082529,0.003446025993824514,2.333588384934564,3.70711252788064e-20,4
2.044912751158882,1.2727103950034366,-0.022269248962402344,-0.001593188110956721,0.00423975153725543,2.178016165104965,3.707113631912656e-20,4
2.057258848015231,1.2976796825001773,-0.022269248962402344,-0.0015315995997442966,0.004988500570587557,2.022443836887583,3.707115251135339e-20,4
2.06960494487158,1.3207282579965405,-0.022269248962402344,-0.0014611763753327905,0.005704088120391756,1.8668714302618354,3.7071152463378986e-20,4
2.081951041727929,1.3418561207599788,-0.022269248962402344,-0.0013822327884711477,0.006394214121287091,1.7112989643016843,3.7071151637679717e-20,4
2.0942971385842784,1.3610632702169494,-0.022269248962402344,-0.0012950177917846974,0.0070641756420047564,1.5557264518861422,3.7071153234811555e-20,4
2.1066432354406275,1.3783497059062793,-0.022269248962402344,-0.0011997334252375346,0.0077177724794994145,1.4001539021168687,3.707115228076358e-20,4
2.1189893322969766,1.3937154274491252,-0.022269248962402344,-0.0010965469346724817,0.008357822862210137,1.2445813216623118,3.707115290507174e-20,4
2.1313354291533257,1.4071604345287545,-0.022269248962402344,-0.000985599047294325,0.008986474727120164,1.089008715553292,3.70711531631588e-20,4
2.143681526009675,1.4186847268764415,-0.022269248962402344,-0.0008670098155903826,0.009605402669667152,0.9334360876782276,3.707115286640778e-20,4
2.156027622866024,1.4282883042613301,-0.022269248962402344,-0.0007408828616496285,0.010215937507074965,0.7778634411044427,3.707115207487897e-20,4
2.168373719722373,1.4359711664829606,-0.022269248962402344,-0.0006073085341318418,0.010819154350720808,0.6222907782939983,3.707115203975751e-20,4
2.1807198165787223,1.4417333133656416,-0.022269248962402344,-0.00046636630513685845,0.01141593417214327,0.4667181012530193,3.7071151949917715e-20,4
2.1930659134350714,1.4455747447541292,-0.022269248962402344,-0.0003181266227465862,0.012007007892056332,0.3111454116376676,3.707115185687964e-20,4
2.2054120102914205,1.447495460510254,-0.022269248962402344,-0.00016265236545860584,0.012592988626039288,0.15557271083103014,3.707115185194306e-20,5
2.2177581071477697,1.447495460510254,-0.022269248962402344,4.4947391849070486e-18,0.013174395709925773,-1.1757234910913725e-18,3.986275384906797e-18,5
2.2292223601781296,1.4460960716606555,-0.02138353625923539,0.0001575240199028021,0.013740452124352228,-0.12206541899347946,0.07725864919604762,5
2.2406866132084895,1.4432973976884655,-0.019611947005770958,0.00032146535825565523,0.014300219815552542,-0.2441217901225849,0.15453159039443268,5
2.2521508662388494,1.439099550990199,-0.01695430370962825,0.0004917459090322156,0.01485317450060658,-0.3661683571663535,0.23182001383821874,5
2.2636151192692093,1.4335026537661628,-0.013410413454562509,0.0006682807713714955,0.015398723481968165,-0.4882042649628644,0.309125264915431,5
2.2750793722995692,1.4265068393616365,-0.008980065798677828,0.0008509773225889147,0.015936193203010984,-0.6102285413623638,0.3864488723472334,5
2.286543625329929,1.4181122538643658,-0.0036630302726168296,0.0010397341145375136,0.01646481383927667,-0.7322400748691645,0.46379258308253496,5
2.298007878360289,1.408319058022685,0.002540946622232809,0.0012344395491360963,0.016983700035721944,-0.854237586674436,0.5411584059093486,5
2.309472131390649,1.3971274295689455,0.009632145046960972,0.0014349702749216569,0.017491826572318857,-0.9762195953020882,0.6185486665332411,5
2.320936384421009,1.3845375660612755,0.01761087626503155,0.0016411892270926437,0.017987997266593905,-1.098184371395921,0.6959660779418256,5
2.332400637451369,1.370549688396748,0.026477488125898674,0.001852943206130147,0.018470804724858486,-1.2201298791542505,0.7734138314452516,5
2.3438648904817287,1.3551640452066898,0.036232371918157646,0.0020700598507193664,0.018938577508437596,-1.3420536993830894,0.8508957161383391,5
2.3553291435120887,1.3383809184295328,0.04687597104826757,0.0022923438029478866,0.01938930967786401,-1.463952926781332,0.92841627814068,5
2.3667933965424486,1.3202006304838618,0.058408792196080306,0.0025195717771204235,0.019820565157904573,-1.5858240303599493,1.005981036642474,5
2.3782576495728085,1.3006235536603894,0.07083141989860131,0.0027514861102107906,0.020229345294323787,-1.7076626598897873,1.0835967829409339,5
2.3897219026031684,1.27965012266275,0.08414453598844673,0.0029877861608278732,0.0206119011847885,-1.8294633712374477,1.1612720039052256,5
2.4011861556335283,1.2572808517373804,0.09834894609040479,0.003228116577959633,0.02096346063692099,-1.9512192260702828,1.2390174976369925,5
2.4126504086638882,1.2335163587028144,0.11344561669925302,0.0034720508730159516,0.02127781848603144,-2.0729211900362223,1.3168472964494695,5
2.424114661694248,1.2083573997406232,0.12943572870636277,0.0037190676833955554,0.02154669909384635,-2.1945571940509736,1.3947801016565753,5
2.435578914724608,1.1818049217314432,0.14632075763376662,0.0039685151549570955,0.021758719988280238,-2.3161106038806274,1.4728416132021835,5
2.447043167754968,1.1538601447899666,0.16410259960551965,0.0042195549468999494,0.021897614373860085,-2.4375575859571676,1.5510685192178444,5
2.458507420785328,1.1245247004478722,0.18278378105950477,0.0044710688551087,0.02193897042767082,-2.558862253338237,1.6295158005056871,5
2.469971673815688,1.0938008818778977,0.20236783564013905,0.004721490615153009,0.02184370489554901,-2.679966892620625,1.7082713133379008,5
2.4814359268460477,1.0616921485288997,0.22286005628407946,0.004968469191103362,0.021543363993615536,-2.800769772264019,1.7874885166650916,5
2.4929001798764077,1.0282043183997525,0.2442692438074685,0.005208082082619217,0.020900872553774003,-2.921065161462377,1.8674733946165911,5
2.5043644329067676,0.9933492216177919,0.2666129175914227,0.00543247067866789,0.019572892838952832,-3.040328636300478,1.9489864472397385,5
2.5158286859371275,0.9571638610067312,0.2899428900473229,0.005617986792047685,0.016182137019810295,-3.15636444130242,2.035018975421281,5
2.5272929389674874,0.9217789701484485,0.31458446954936825,0.005617988346058701,1.355527488160566e-07,-3.0865413354554194,2.1494273928467496,5
2.5387571919978473,0.8873263491479428,0.340513504277423,0.005617988911607738,4.933152073082802e-08,-3.005221614464233,2.261729103445418,5
2.5502214450282072,0.8538790596816832,0.36772704384996846,0.005617989486015911,5.010428240789525e-08,-2.917528894177383,2.373773459160889,5
2.561685698058567,0.8215013881035227,0.39620482912414534,0.005617990073340222,5.1230926641744765e-08,-2.8242286254841655,2.4840506571852297,5
2.573149951088927,0.790241116890424,0.42590488410236826,0.005617990677612012,5.270921562532773e-08,-2.7267604029925514,2.5906663870377287,5
2.584614204119287,0.7601443723876131,0.4567834159845887,0.00561799130340308,5.458629211053999e-08,-2.6252686872037274,2.6934621732852406,5
2.596078457149647,0.7312555602841848,0.4887948861411724,0.005617991955923942,5.6917869674707133e-08,-2.519903566930703,2.7922857312931546,5
2.607542710180007,0.7036173018968941,0.5218920804372535,0.005617992641157768,5.977134492539774e-08,-2.410820688802849,2.886990910655494,5
2.6190069632103667,0.677270372295137,0.5560261804779563,0.005617992793262459,1.326773632339618e-08,-2.298181096662328,2.977437775520991,5
2.6304712162407267,0.6522543649807058,0.5911458580394218,0.005614436887887264,-0.00031017331539862027,-2.182087855890292,3.0634073993729096,5
2.6419354692710866,0.628709539545377,0.6269679899976373,0.004922940541023048,-0.060317610317335235,-2.053760098713174,3.1246808547738403,5
2.6533997223014465,0.6067855504439952,0.6630392962361933,0.0036827726963745942,-0.10817694282994021,-1.9123783331804511,3.1464157449305623,5
2.6648639753318064,0.5865072854317277,0.6990716497278866,0.002014138783022242,-0.1455510366824998,-1.7688256669268752,3.143017987853701,5
2.6763282283621663,0.5678637027740474,0.7348823547363281,-2.2875387793939395e-18,-0.17568861902266636,-1.626236145371608,3.1236841086495692,6
2.6850351435358526,0.5546360501646435,0.7618819010965776,-0.0016958832340581323,-0.19477429149251882,-1.519212297993412,3.1009313656556587,6
2.693742058709539,0.5423191633947706,0.7885979591941483,-0.003514070810175312,-0.2088210967753981,-1.4146097124202277,3.0683723873014515,6
2.702448973883225,0.5308882615165329,0.8149586036179528,-0.0054161996281382055,-0.21846185244743369,-1.3128532494291338,3.0275526863317066,6
2.7111558890569114,0.5203172124822113,0.8409036119891402,-0.007368891815640217,-0.2242691181129202,-1.2140980845093718,2.97981637050475,6
2.7198628042305977,0.5105800071982136,0.8663825906809048,-0.009343155196640538,-0.22674659642407624,-1.1183300962271208,2.926292284175561,6
2.728569719404284,0.5016516103419537,0.8913532483115896,-0.01131380115403084,-0.22633113083882833,-1.0254374457754334,2.867910980242605,6
2.73727663457797,0.49350840149425457,0.9157799151073407,-0.013258908086041136,-0.2233979421182712,-0.9352576297439796,2.8054329585694306,6
2.7459835497516565,0.4861283616033085,0.9396323199228966,-0.015159341992393324,-0.2182671897489987,-0.8476067291053445,2.7394782583414248,6
2.7546904649253428,0.4794911085737281,0.962884599772944,-0.016998338333531718,-0.2112110092319456,-0.7622967373859052,2.670553162192959,6
2.763397380099029,0.4735778481712707,0.9855145051399372,-0.018761143994508546,-0.2024604151765086,-0.6791452867648164,2.5990726813754983,6
2.7721042952727153,0.4683712810337468,1.0075027643292636,-0.020434714636225818,-0.1922116626070763,-0.5979806893338832,2.525378822544664,6
2.7808112104464016,0.46385549020767725,1.0288325746387388,-0.022007460911381817,-0.18063185913492627,-0.5186441737393873,2.4497551525406083,6
2.789518125620088,0.46001582338504177,1.0494891937374167,-0.023469036539505366,-0.16786377252633986,-0.44099049388263956,2.372438307553989,6
2.798225040793774,0.45683877773460324,1.0694596099830767,-0.024810161558558114,-0.15402987077503605,-0.3648876309304197,2.2936270593303174,6
2.8069319559674604,0.45431189143939,1.0887322749542845,-0.026022474789224245,-0.13923567721554256,-0.290216023103955,2.2134894605906448,6
2.8156388711411466,0.45242364381438627,1.107296885153084,-0.027098410398012526,-0.12357253830164962,-0.21686758023154692,2.1321684923392215,6
2.824345786314833,0.4511633645858599,1.1251442027331962,-0.02803109428053808,-0.10711989997862516,-0.14474463152326345,2.0497865459922777,6
2.833052701488519,0.45052115219318933,1.1422659073594552,-0.028814256738207568,-0.08994717900079892,-0.07375888932545356,1.9664489988384495,6
2.8417596166622054,0.450487800596155,1.1586544730398618,-0.029442158566274555,-0.07211530324403614,-0.0038304722577767857,1.8822470821748454,6
2.8504665318358917,0.4510547338951856,1.1743030651069573,-0.029909528208501682,-0.05367798271926243,0.06511299211412808,1.7972601954820115,6
2.859173447009578,0.4522139480137213,1.1892054535531518,-0.030211508073732695,-0.034682761829155126,0.13313717837197897,1.71155778469525,6
2.8678803621832643,0.45395795869912625,1.203355939717846,-0.030343608466491527,-0.01517189384859392,0.2003017889377751,1.6252008756752676,6
2.8765872773569505,0.45627975514047403,1.2167492939385793,-0.03030166787144828,0.004816929325847564,0.26666119917873854,1.5382433334391472,6
2.885294192530637,0.4591727585597476,1.2293807022563579,-0.030081818563043008,0.025249965574939283,0.33226502860995105,1.4507329020457964,6
2.894001107704323,0.46263078519685674,1.2412457206390384,-0.029680456697689813,0.046096907726874733,0.3971586455299559,1.3627120680524263,6
2.9027080228780093,0.46664801317241134,1.2523402354802577,-0.029094216195848552,0.06733044828628898,0.4613836123856349,1.2742187812693464,6
2.9114149380516956,0.4712189527721815,1.2626604293634385,-0.028319945842181168,0.08892590983324553,0.5249780787575343,1.1852870594605023,6
2.920121853225382,0.47633841975214386,1.272202751264695,-0.02735468912987661,0.11086092985207248,0.5879771282774205,1.0959474981569626,6
2.928828768399068,0.4820015113123697,1.2809638905156584,-0.026195666454699517,0.13311519086268137,0.6504130851482914,1.0062277024875583,6
2.9375356835727544,0.48820358443180956,1.28894075396538,-0.02484025932909106,0.15567018841506716,0.712315785296738,0.9161526545977878,6
2.9462425987464407,0.4949402362945703,1.2961304458758534,-0.023285996339651352,0.1785090308597753,0.7737128165823688,0.8257450276086679,6
2.954949513920127,0.5022072865719514,1.302530250163013,-0.02153054061487589,0.2016162658933504,0.8346297319352383,0.735025454998002,6
2.963656429093813,0.5100007613539264,1.3081376146581167,-0.019571678605938298,0.22497772975335642,0.8950902387957956,0.6440127626436626,6
2.9723633442674995,0.518316878549284,1.3129501371160233,-0.01740731001306359,0.24858041564586367,0.9551163677928289,0.5527241694575542,6
2.9810702594411858,0.5271520345958729,1.3169655527393775,-0.015035438714781624,0.27241235856343077,1.0147286232100896,0.4611754614877356,6
2.989777174614872,0.5365027923416692,1.3201817230227544,-0.012454164578013186,0.29646253412038276,1.0739461174571145,0.3693811435192323,6
2.9984840897885583,0.5463658699741596,1.3225966257499975,-0.00966167604426496,0.32072076941573885,1.1327866914689795,0.2773545715185032,6
3.0071910049622446,0.556738130890079,1.3242083460022105,-0.006656243401790525,0.34517766424916785,1.1912670227081004,0.1851080687090709,6
3.015897920135931,0.5676165744102457,1.3250150680541992,-0.0034362126658938744,0.3698245212750662,1.2494027222238104,0.09265302761056099,6
3.024604835309617,0.5789983272552499,1.3250150680541992,-1.687311616487e-17,0.3946532838947852,1.3072084220377376,8.62668635664206e-18,7
3.0357724525684406,0.5951394492284625,1.3250150680541992,0.005123935916496436,0.45882087447516595,1.4453505702353067,1.478545343948092e-20,7
3.046940069827264,0.6128234100335854,1.3250150680541992,0.010962932609238656,0.5228507171598161,1.5835034811162076,1.4484040195437683e-20,7
3.0581076870860877,0.6320503492308993,1.3250150680541992,0.01751519588006616,0.586719899059011,1.7216688888688383,1.4041383028025346e-20,7
3.0692753043449112,0.6528204306088017,1.3250150680541992,0.02477861015079269,0.6503996423217279,1.8598489629907256,1.3461571445052647e-20,7
3.080442921603735,0.675133848680495,1.3250150680541992,0.03275065083786385,0.7138533227192998,1.9980464547225594,1.2750375925773363e-20,7
3.0916105388625583,0.6989908376004643,1.3250150680541992,0.041428263814692674,0.7770335225241755,2.13626491372792,1.1918250576462717e-20,7
3.102778156121382,0.7243916838021756,1.3250150680541992,0.05080769388642542,0.839877464847565,2.2745090213080137,1.098033573194328e-20,7
3.1139457733802054,0.7513367446210606,1.3250150680541992,0.06088423043717357,0.9022995968797053,2.4127851263521025,9.962281606856418e-21,7
3.125113390639029,0.7798264770749181,1.3250150680541992,0.07165181065633089,0.9641788368637371,2.5511021548796298,8.90758220469951e-21,7
3.1362810078978525,0.809861485058287,1.3250150680541992,0.083102360020534,1.0253350467531561,2.689473258911736,7.897287143787415e-21,7
3.147448625156676,0.8414426028462931,1.3250150680541992,0.09522460209790916,1.0854815128796742,2.8279190677896455,7.105748476157649e-21,7
3.1586162424154995,0.8745710586593205,1.3250150680541992,0.10800165676407845,1.1441164547493679,2.9664748571903927,6.994039205473866e-21,7
3.169783859674323,0.9092488447846945,1.3250150680541992,0.1214053338407809,1.200227117929432,3.1052090451947607,9.217564062122104e-21,7
3.1809514769331466,0.9454797639617616,1.3250150680541992,0.13537839278149416,1.2512121983469253,3.2442837480339604,2.2896476280930283e-20,7
3.19211909419197,0.9832736825135346,1.3250150680541992,0.1497370419823193,1.2857397301547875,3.3842419269794966,-1.7146072087170369e-18,7
3.2032867114507937,1.0203860430575888,1.3250150680541992,0.16618768756782495,1.473066743267391,3.323212076840202,6.857474829486483e-19,7
3.2144543287096172,1.0560516031439406,1.3250150680541992,0.18416417382677766,1.6096975605757715,3.1936588853071926,-5.594918540803806e-20,7
3.2256219459684408,1.090145748210079,1.3250150680541992,0.20209846853388422,1.6059195342632335,3.052947130615529,2.2260947356345215e-20,7
3.2367895632272643,1.122674102830302,1.3250150680541992,0.2197164848364892,1.5775985059565036,2.9127390262701,2.833712725917935e-20,7
3.247957180486088,1.1536417708136661,1.3250150680541992,0.2368990220880878,1.5386037015217808,2.772987940547158,2.4630162992563745e-20,7
3.2591247977449114,1.1830522966814208,1.3250150680541992,0.25357951587750605,1.4936484124437943,2.633554247618695,1.961968241371124e-20,7
3.270292415003735,1.2109081884491748,1.3250150680541992,0.26971576879759074,1.444914572742648,2.4943451339850835,1.5135600831663792e-20,7
3.2814600322625584,1.2372112851922656,1.3250150680541992,0.28527887439773936,1.3935923160200123,2.355300699646469,1.1409067024306946e-20,7
3.292627649521382,1.2619629790733025,1.3250150680541992,0.3002479675178468,1.3404016965462933,2.2163809259742027,8.371010389728711e-21,7
3.3037952667802055,1.2851643520034743,1.3250150680541992,0.31460740870012355,1.2858106478290816,2.077558031624026,5.913303978353143e-21,7
3.314962884039029,1.306816263178126,1.3250150680541992,0.3283451356144388,1.2301394823912917,1.9388120735911385,3.9386586283449826e-21,7
3.3261305012978526,1.3269194074022894,1.3250150680541992,0.34145163216543273,1.1736162018479002,1.8001283316081353,2.3662117302556894e-21,7
3.337298118556676,1.3454743553389035,1.3250150680541992,0.3539192500039511,1.1164080528158276,1.661495689418783,1.1288671262761106e-21,7
3.3484657358154997,1.3624815821347305,1.3250150680541992,0.36574174334805204,1.0586406276376579,1.5229055940639562,1.6922805123385188e-22,7
3.359633353074323,1.377941488313874,1.3250150680541992,0.3769139392638844,1.0004099940837645,1.3843513634861715,-5.606122620483209e-22,7
3.3708009703331467,1.3918544153692287,1.3250150680541992,0.38743149745284283,0.9417907101575789,1.245827711758496,-1.1049066181190483e-21,7
3.3819685875919703,1.4042206576208467,1.3250150680541992,0.3972907311870204,0.8828412995964036,1.1073304148069611,-1.48894502595732e-21,7
3.393136204850794,1.4150404713843248,1.3250150680541992,0.4064884712195624,0.8236081000422869,0.9688560695370979,-1.7839797787080567e-21,7
3.4043038221096174,1.4243140821612048,1.3250150680541992,0.4150219606372709,0.764128033754368,0.8304019167162348,-1.9826918649070626e-21,7
3.415471439368441,1.4320416903490365,1.3250150680541992,0.4228887724582267,0.7044306443022216,0.69196570841702,-2.124096817364352e-21,7
3.4266390566272644,1.438223475826422,1.3250150680541992,0.4300867442477368,0.6445396204657103,0.5535456072781828,-2.231466334398609e-21,7
3.437806673886088,1.4428596016716844,1.3250150680541992,0.43661392566142015,0.5844739537903388,0.41514010892517816,-2.324945821003399e-21,7
3.4489742911449115,1.4459502172067316,1.3250150680541992,0.4424685359337394,0.5242488291486371,0.2767479815450521,-2.4217278969345656e-21,7
3.460141908403735,1.447495460510254,1.3250150680541992,0.44764892909986204,0.4638763172178927,0.13836821836830338,-2.535957673870989e-21,8
3.4713095256625586,1.447495460510254,1.3250150680541992,0.45215356528344147,0.4033659176508908,-8.556455164219465e-18,-9.004441526731757e-20,8
3.5122586693235536,1.4681117478664953,1.3267609315916822,0.4585009399309759,0.1550062853602703,0.5034607689705273,0.0426349217931012,8
3.5532078129845486,1.5093702632519914,1.3302561662928198,0.45498564364331184,-0.08584541637026216,1.0075550230568358,0.08535550169424899,8
3.5941569566455436,1.5713055748192173,1.3355063205428,0.4420308206380247,-0.3163637098840576,1.5124934499239115,0.12821157613058817,8
3.6351061003065386,1.6539682199851446,1.342521369013534,0.42029543918035284,-0.5307896457482661,2.018666027555912,0.1713112373924432,8
3.6760552439675336,1.757439361887176,1.3513226909547038,0.39097060076628265,-0.7161282457247349,2.526820652433456,0.2149329913715092,8
3.7170043876285286,1.8818581984406721,1.3619691866584418,0.3567809047878363,-0.8349306706210009,3.038374564888609,0.2599931220018851,8
3.7579535312895236,2.0270744157222507,1.3747131798614332,0.32990776684947093,-0.6562564082090265,3.546257730902174,0.3112151332998357,8
3.7989026749505186,2.180591006064792,1.3871412430314383,0.32990770106860295,-1.6064039908955127e-06,3.7489572825614603,0.3034999528411171,8
3.8398518186115136,2.3341075952275006,1.399569320774333,0.32990763528745237,-1.6064108990754154e-06,3.7489572537493068,0.30350030871884204,8
3.8808009622725086,2.487624184392142,1.4119973984933463,0.3299075695063008,-1.6064109192054386e-06,3.748957253796518,0.3035003081356488,8
3.9217501059335036,2.641140773556776,1.424425476212443,0.32990750372514843,-1.6064109417072778e-06,3.7489572537963527,0.30350030813766654,8
3.9626992495944986,2.7946573627213915,1.4368535539317833,0.32990743794399524,-1.606410963087722e-06,3.7489572537958695,0.3035003081436149,8
4.003648393255493,2.9481739518860195,1.4492816316509662,0.32990737216284094,-1.6064109843528576e-06,3.748957253796179,0.3035003081397729,8
4.044597536916488,3.1016905410506475,1.4617097093701394,0.32990730638168597,-1.6064110050754996e-06,3.748957253796196,0.3035003081395558,8
4.085546680577482,3.2552071302152745,1.4741377870893233,0.3299072406005303,-1.6064110271274207e-06,3.748957253796174,0.30350030813980206,8
4.126495824238477,3.408723719379841,1.486565864809263,0.3299071748193733,-1.6064110488505143e-06,3.7489572537946776,0.3035003081582785,8
4.167444967899471,3.5622403085413454,1.4989939425670213,0.3299071090382156,-1.6064110694661087e-06,3.7489572537199116,0.3035003090817997,8
4.208394111560466,3.7157568977088404,1.511422020250782,0.32990704325705716,-1.6064110923028316e-06,3.7489572538662004,0.3035003072747543,8
4.2493432552214605,3.8692734868736105,1.5238500979682037,0.3299069774758978,-1.6064111106171214e-06,3.7489572537996536,0.3035003080967599,8
4.290292398882455,4.0227900760382385,1.5362781756873742,0.3299069116947375,-1.606411133399167e-06,3.7489572537961933,0.30350030813948947,8
4.33124154254345,4.176306665202866,1.5487062534065483,0.3299068459135764,-1.6064111555647e-06,3.748957253796185,0.3035003081395732,8
4.372190686204444,4.3298232543674775,1.561134331125924,0.32990678013241437,-1.606411176948253e-06,3.7489572537957865,0.3035003081444754,8
4.413139829865439,4.483339843532095,1.573562408845226,0.32990671435125146,-1.606411197683898e-06,3.7489572537959286,0.3035003081426928,8
4.454088973526433,4.63685643269673,1.585990486564305,0.32990664857008756,-1.6064112193261425e-06,3.748957253796369,0.30350030813723855,8
4.495038117187428,4.790373021861357,1.5984185642834934,0.3299065827889229,-1.6064112403053313e-06,3.7489572537961524,0.3035003081398999,8
4.535987260848422,4.943889611025983,1.6108466420026906,0.32990651700775747,-1.606411261754314e-06,3.7489572537961338,0.3035003081401159,8
4.576936404509417,5.097406200190614,1.6232747197218211,0.329906451226591,-1.606411282862136e-06,3.748957253796263,0.30350030813849566,8
4.6178855481704115,5.250922789355238,1.6357027974410325,0.32990638544542394,-1.6064113041564105e-06,3.7489572537961,0.3035003081404919,8
4.658834691831406,5.404439378519882,1.6481308751599935,0.32990631966425576,-1.6064113250538278e-06,3.748957253796596,0.3035003081343514,8
4.699783835492401,5.557955967684723,1.6605589528765234,0.32990625388308664,-1.6064113477169528e-06,3.7489572538013993,0.303500308074999,8
4.740732979153395,5.711472557183838,1.6729870264639697,0.3299061881019174,-1.6064113534452098e-06,3.7489572619645464,0.30350020724055643,8
4.78168212281439,5.86498663113153,1.685446133771837,0.3299061221886748,-1.609636655327951e-06,3.7488958308532956,0.3042580672920777,8
4.822631266475384,6.012768607958204,1.7010657427240403,0.31181871762997554,-0.4417040978614562,3.608914951922238,0.3814392086351733,8
4.863580410136379,6.145504727558969,1.714422519573131,0.2530153235739495,-1.4360103484205482,3.2414870674587006,0.32617963783964854,8
4.904529553797373,6.257178417710755,1.7260947317912203,0.19412582837361045,-1.4381129844360943,2.7271312698539734,0.2850416681431643,8
4.945478697458368,6.347884456275629,1.7360808138541968,0.13994677289122193,-1.323081525977266,2.215089998356444,0.243865467510376,8
4.9864278411193625,6.417720179942336,1.744385179545188,0.09250415721672466,-1.1585740612141884,1.7054257408824993,0.20279705382352126,8
5.027376984780357,6.466753814280096,1.7510133733176598,0.05292577453879328,-0.9665252833041948,1.1974275883163896,0.16186403865713395,8
5.068326128441352,6.495033706142987,1.7559711030310883,0.021926912710843016,-0.7570087932649696,0.6906100917970732,0.12107041247346645,8
5.109275272102346,6.5025954246521,1.759263515472412,-2.2649347139594778e-17,-0.5354669414453267,0.18466121224783374,0.08040247358088685,9
5.133575284665575,6.499796505093277,1.7606322099985565,-0.009689492971805406,-0.39874436058251167,-0.11518181529239362,0.05632484849732282,9
5.157875297228804,6.489708530186791,1.7614146810169,-0.016095280568210458,-0.2636125219929728,-0.4151427856292934,0.0322004367804678,9
5.182175309792033,6.472328204994158,1.7616094130749786,-0.01926234884723156,-0.13033196055398535,-0.7152393500724611,0.008013660796971668,9
5.206475322355262,6.447651665681967,1.7612144510072696,-0.019244215765653914,0.0007462169707542834,-1.0154949199235592,-0.016253574631461747,9
5.230775334918491,6.4156742764821875,1.7602273050069668,-0.01610625121491718,0.12913427689701096,-1.315941262022896,-0.040623271192423385,9
5.25507534748172,6.376390330836198,1.758644800865623,-0.009930801329928749,0.25413360874367413,-1.6166224418042394,-0.06512359354779837,9
5.2793753600449485,6.329792599412739,1.756462834226169,-0.0008254387465068166,0.3747060854379615,-1.91760112477578,-0.08979281939897372,9
5.303675372608177,6.2758716209456065,1.7536759409289893,0.011062892905274995,0.48923150229261136,-2.2189691600647072,-0.11468690766955426,9
5.327975385171406,6.214614542943808,1.7502764738997332,0.025521364947367484,0.594998541862654,-2.520866104174535,-0.13989569019507575,9
5.352275397734635,6.146003182616237,1.746252807317692,0.04221470111116702,0.6869682112572043,-2.8235113109059937,-0.16558290130907907,9
5.376575410297864,6.070011241871166,1.7415845745329248,0.0605374415871792,0.7540218519904782,-3.127238743074911,-0.19210824573212557,9
5.400875422861093,5.986611172295383,1.7362250870694522,0.07904799343273745,0.7617507109395812,-3.432099854213893,-0.2205549256219346,9
5.425175435424322,5.89720708183763,1.7301416562010843,0.08597991655336212,0.285264178484725,-3.6791787751142944,-0.250346819886155,9
5.449475447987551,5.806094852320382,1.7229231384417867,0.08597997571068078,2.434456299851168e-06,-3.749472527233172,-0.2970581904230796,9
5.47377546055078,5.714982619553738,1.7157046616975764,0.08598003486837735,2.434471853128134e-06,-3.7494726609531215,-0.2970565025596766,9
5.4980754731140085,5.62387038682982,1.7084861844140882,0.08598009402607402,2.4344718538004466e-06,-3.749472659194888,-0.2970565247521947,9
5.522375485677237,5.532758154105349,1.7012677071375588,0.08598015318377061,2.434471852327872e-06,-3.7494726592175764,-0.2970565244658108,9
5.546675498240466,5.441645921380768,1.6940492298624328,0.08598021234146717,2.43447185176104e-06,-3.7494726592221497,-0.2970565244080829,9
5.570975510803695,5.350533688656224,1.6868307525868582,0.08598027149916374,2.434471850741772e-06,-3.7494726592206904,-0.29705652442649866,9
5.595275523366924,5.259421455931671,1.6796122753113787,0.08598033065686028,2.4344718498609306e-06,-3.749472659220999,-0.29705652442260566,9
5.619575535930153,5.1683092232071175,1.6723937980358974,0.08598038981455676,2.4344718490636533e-06,-3.749472659220991,-0.2970565244227099,9
5.643875548493382,5.077196990482561,1.6651753207604703,0.08598044897225325,2.434471848610511e-06,-3.7494726592211687,-0.29705652442046776,9
5.668175561056611,4.986084757757944,1.6579568434857883,0.08598050812994971,2.4344718459181265e-06,-3.7494726592236005,-0.2970565243897729,9
5.69247557361984,4.89497252503304,1.6507383662147426,0.08598056728764611,2.4344718461885892e-06,-3.7494726592354533,-0.29705652424016016,9
5.7167755861830685,4.803860292365642,1.64351988821785,0.08598062644534253,2.434471845977397e-06,-3.7494726568689463,-0.2970565541103829,9
5.741075598746297,4.712748053026152,1.636301494437002,0.08598068560303808,2.434471808058529e-06,-3.749472931440595,-0.29705308843051953,9
5.765375611309526,4.621670548759711,1.628657348041246,0.0859807587872001,3.0116923551420404e-06,-3.7480435053044907,-0.3145737631205073,9
5.789675623872755,4.535054497098827,1.621092812478306,0.10306042260801103,0.7028664604948408,-3.5644447275752427,-0.31129759884553404,9
5.813975636435984,4.454490691814153,1.6143037271762442,0.13147644279054532,1.169382942000247,-3.315381219459229,-0.27938608197584613,9
5.838275648999213,4.381335664906069,1.6082033723819844,0.15985499464033276,1.1678410361071418,-3.0104933780510095,-0.25104327737873783,9
5.862575661562442,4.315563438802045,1.602747400466498,0.18666149954194367,1.1031477795104556,-2.706674571996554,-0.22452547714760215,9
5.886875674125671,4.2571457574777645,1.5979168607172616,0.21124117292502642,1.0115086697509998,-2.404018564695526,-0.19878754122614692,9
5.9111756866889,4.206062543204709,1.5937017629719508,0.23323028404953036,0.9049012245174739,-2.102188800939206,-0.1734607228831562,9
5.9354756992521285,4.162299452707463,1.5900961787670873,0.25239862150594466,0.7888200636253424,-1.8009492951253898,-0.14837787410448924,9
5.959775711815357,4.1258458874665624,1.5870962934046293,0.2685881600048246,0.6662358077638599,-1.5001459421503904,-0.12345200870317571,9
5.984075724378586,4.096693744619573,1.5846994876706493,0.2816839527030457,0.5389212315853588,-1.1996760401320432,-0.09863392982744527,9
6.008375736941815,4.074836631377764,1.5829038538642184,0.29159844889041503,0.40800374738483547,-0.8994692157033104,-0.0738943571222695,9
6.032675749505044,4.06026935426241,1.5817079193120023,0.29826226432333314,0.2742309459936964,-0.599476114568266,-0.04921538822658761,9
6.056975762068273,4.052987575531006,1.5811104774475098,0.3016183906848502,0.1381121245416392,-0.29966152126314594,-0.02458607224727907,10
6.081275774631502,4.052987575531006,1.5811104774475098,0.3016183906848502,1.8516911637001492e-18,1.0073485363252843e-17,-7.668751255372599e-19,10
