0,15.081022658348083,5.569742202758789,3.141592653589793,-5.782131406606217e-30,-1.8325992979793467e-26,-1.909077459790403e-26,0
0.017345251339243164,15.08025713526742,5.570378551937654,3.141592653589793,6.25192099163732e-18,-0.044134447272677825,0.03668722732340473,0
0.03469050267848633,15.078731691853168,5.571657930599036,3.141592653589793,-9.350009635458339e-19,-0.087945881233766,0.07375959196901277,0
0.05203575401772949,15.076452346324695,5.5735873841739005,3.141592653589793,-1.417302787146403e-18,-0.13141034879770744,0.11123814450004894,0
0.06938100535697266,15.073425577415467,5.576174351277697,3.141592653589793,-1.9102609969511223e-18,-0.1745013000981557,0.1491455530507551,0
0.08672625669621582,15.069658375775163,5.579426694274426,3.141592653589793,1.1014814442485155e-17,-0.21718922180058065,0.1875062478553264,0
0.10407150803545899,15.065158302824868,5.583352732532906,3.141592653589793,3.783845709288402e-18,-0.25944120741069027,0.22634657646023137,0
0.12141675937470216,15.059933558375164,5.58796127854387,3.141592653589793,9.969419980201608e-18,-0.3012204520716239,0.26569496865904796,0
0.1387620107139453,15.053993058580975,5.593261677031398,3.141592653589793,9.426669629647271e-18,-0.3424856566217454,0.30558210912380424,0
0.15610726205318848,15.047346526128795,5.599263847129178,3.141592653589793,8.869340428380809e-18,-0.38319032236462075,0.34604111410018795,0
0.17345251339243165,15.040004594943525,5.605978327587512,3.141592653589793,8.296418889462943e-18,-0.42328191397591836,0.3871077061387154,0
0.1907977647316748,15.031978932177543,5.613416324811042,3.141592653589793,7.70679458390916e-18,-0.4627008631362741,0.42882037729265104,0
0.20814301607091798,15.023282380819232,5.621589763270911,3.141592653589793,1.3813924502726953e-17,-0.5013793797634526,0.4712205260108341,0
0.22548826741016115,15.013929126947076,5.630511337446983,3.141592653589793,1.31871311125122e-17,-0.5392400311313582,0.514352545349794,0
0.24283351874940431,15.003934896470291,5.640194563875817,3.141592653589793,5.824956756392523e-18,-0.5761940418917361,0.5582638290704403,0
0.2601787700886475,14.993317187140871,5.650653831022644,3.141592653589793,1.1869826934363776e-17,-0.6121392605823521,0.6030046461859285,0
0.2775240214278906,14.982095542677394,5.661904443439415,3.141592653589793,3.803467675511924e-17,-0.6469577317734335,0.6486278115392108,0
0.29486927276713376,14.970291876950636,5.6739626548473225,3.141592653589793,5.745893099522636e-17,-0.6805128098693061,0.6951880472683638,0
0.3122145241063769,14.95793085721409,5.686845682161763,3.141592653589793,5.671121221040318e-17,-0.7126457550131541,0.7427408840881184,0
0.32955977544562004,14.945040356055816,5.7005716887625795,3.141592653589793,6.264804573294484e-17,-0.7431717711179353,0.7913408881981706,0
0.3469050267848632,14.931651981615339,5.715159720142356,3.141592653589793,4.1693795588978466e-17,-0.7718754936797769,0.8410389157504647,0
0.3642502781241063,14.917801693798642,5.730629568066906,3.141592653589793,4.7563515343003573e-17,-0.7985060317552672,0.8918779913871447,0
0.38159552946334946,14.903530509325135,5.747001530308211,3.141592653589793,3.325219894647522e-17,-0.8227718465640561,0.9438872877133839,0
0.3989407808025926,14.888885288259232,5.764296022063258,3.141592653589793,5.91897834577564e-17,-0.8443360536822748,0.9970735745937974,0
0.41628603214183574,14.873919576108774,5.782532983643422,3.141592653589793,5.82278070856321e-17,-0.8628132194659197,1.0514094736063813,0
0.4336312834810789,14.858694444860388,5.801731020382369,3.141592653589793,5.722391589409432e-17,-0.8777694223397345,1.1068180197257733,0
0.450976534820322,14.84327923040287,5.821906212135198,3.141592653589793,1.589013082288607e-17,-0.8887282263038079,1.1631536123771302,0
0.46832178615956516,14.827752003697583,5.84307055333236,3.141592653589793,1.4804203117479952e-17,-0.8951860311274706,1.2201807159334241,0
0.4856670374988083,14.812199550182271,5.865230046177615,3.141592653589793,1.368194132163831e-17,-0.8966404240062094,1.2775538625444696,0
0.5030122888380515,14.79671659547838,5.888382581295723,3.141592653589793,1.2529862304110837e-17,-0.8926336321724021,1.3348053980472374,0
0.5203575401772946,14.781404053630204,5.912515892827658,3.141592653589793,1.1357403894953589e-17,-0.8828088765442071,1.3913497740637661,0
0.5377027915165378,14.766366234144398,5.937606017012948,3.141592653589793,1.0176703711330727e-17,-0.86697039966116,1.4465125753770007,0
0.5550480428557809,14.751707224992535,5.963616720105158,3.141592653589793,9.001781039655279e-18,-0.8451309736110674,1.4995864045718106,0
0.572393294195024,14.737526975118541,5.990500207455938,3.141592653589793,7.847180799493148e-18,-0.8175292243767901,1.5499047448195158,0
0.5897385455342672,14.723917765426119,6.018199094086186,3.141592653589793,6.726407110585458e-18,-0.7846072349284934,1.596914687974613,0
0.6070837968735103,14.710961662651206,6.046649255857652,3.141592653589793,5.650592555388045e-18,-0.7469538792787787,1.6402277035385655,0
0.6244290482127535,14.698729237293662,6.075782977518531,3.141592653589793,4.627727266497317e-18,-0.7052319460985622,1.679636754237468,0
0.6417742995519966,14.687279469688447,6.10553184967762,3.141592653589793,3.662541210279725e-18,-0.6601096393058168,1.7151018210835722,0
0.6591195508912397,14.676660532024295,6.13582906942712,3.141592653589793,2.756883851861801e-18,-0.6122100773556431,1.7467155221298938,0
0.6764648022304829,14.666911069454809,6.166611033142694,3.141592653589793,1.9103583355546856e-18,-0.5620825192327348,1.7746623046003982,0
0.693810053569726,14.658061661720275,6.197818279266357,3.141592653589793,1.1210035927135028e-18,-0.5101919575250952,1.7991809696673464,0
0.7133627064791976,14.649260199000903,6.23346770842676,3.141592653589793,2.923219390536276e-19,-0.45014161301399547,1.823252799784175,0
0.7329153593886693,14.641655597261694,6.269526606655942,3.141592653589793,-6.029675910137656e-19,-0.3889294089358904,1.8441946674006091,0
0.7524680122981409,14.635271211219424,6.305918992915709,3.141592653589793,-1.576129521317452e-18,-0.3265227522745473,1.8612505642207753,0
0.7720206652076125,14.630129198661729,6.342549387868169,3.141592653589793,-2.640004909615199e-18,-0.26298285872007454,1.8734232700829796,0
0.7915733181170841,14.626246725246972,6.379296831791193,3.141592653589793,-3.807963175330105e-18,-0.19856504550733967,1.8794096173631545,0
0.8111259710265557,14.62362870439645,6.416008244643354,3.141592653589793,-5.090933459762944e-18,-0.13389594049678474,1.8775668458972437,0
0.8306786239360273,14.62225528823281,6.452493611333997,3.141592653589793,-6.490864593435138e-18,-0.07024193443216405,1.8660059511908598,0
0.8502312768454989,14.622064056407986,6.488528892339095,3.141592653589793,-7.989928831370397e-18,-0.009780351838098956,1.8429867891554328,0
0.8697839297549705,14.622933344024435,6.52387465543141,3.141592653589793,-1.7109480108108568e-17,0.04445880671406247,1.8077221160711738,0
0.8893365826644422,14.624681479332283,6.558310603646257,3.141592653589793,-2.6206891638030585e-17,0.08940655347084275,1.7611905849443918,0
0.9088892355739138,14.627090905404337,6.591668205302184,3.141592653589793,-2.007085346661888e-17,0.12322757853931356,1.7060396770899466,0
0.9284418884833854,14.629943473578503,6.62384100209434,3.141592653589793,-2.136373122591963e-17,0.14589161825632985,1.645444070485813,0
0.947994541392857,14.633045438854182,6.654773662038871,3.141592653589793,-2.2503796227506756e-17,0.15864677238634292,1.5820185673908116,0
0.9675471943023286,14.636236090297153,6.684444468630132,3.141592653589793,-2.3499713981593753e-17,0.16318253373312586,1.5174823963088566,0
0.9870998472118002,14.639386096374425,6.71285096204847,3.141592653589793,-2.4368827988476324e-17,0.16110376897989526,1.4528204203214146,0
1.0066525001212718,14.642392172866394,6.740000703802942,3.141592653589793,-2.51298324909104e-17,0.15374264074996383,1.3885451698127669,0
1.0262051530307434,14.645171490461896,6.76590596919956,3.141592653589793,-2.5799665583741206e-17,0.1421452939593631,1.3248977270019953,0
1.045757805940215,14.64765697491525,6.790580867358855,3.141592653589793,-2.6392668622562608e-17,0.12711750496776045,1.2619718804164053,0
1.0653104588496867,14.649793662716911,6.814039836764347,3.141592653589793,-2.6920634229460116e-17,0.10927866471902126,1.199784474981779,0
1.0848631117591583,14.651535958887457,6.836296892109302,3.141592653589793,-2.7393186502203478e-17,0.08910791689566562,1.1383138363885708,0
1.10441576466863,14.65284558955602,6.857365274658843,3.141592653589793,-2.781815743137888e-17,0.06697969194382868,1.0775204084625942,0
1.1239684175781015,14.653690068899298,6.877257316721168,3.141592653589793,-2.8201951974084826e-17,0.04319001350809006,1.0173577035517842,0
1.1435210704875731,14.654041541989264,6.895984417692022,3.141592653589793,-2.854984572313144e-17,0.017975723887361482,0.9577780088236842,0
1.1630737233970447,14.653875902267469,6.913557076182004,3.141592653589793,-2.8866219862094286e-17,-0.0084714704731439,0.8987352545633228,0
1.1826263763065163,14.653172110833875,6.929984948227054,3.141592653589793,-2.9154727996113886e-17,-0.0359946773900013,0.8401863481702908,0
1.202179029215988,14.651911665375927,6.945276915471519,3.141592653589793,-2.9418449962587225e-17,-0.06446416574685554,0.7820916841958004,0
1.2217316821254596,14.650078181207768,6.959441154828028,3.141592653589793,-2.965999713293634e-17,-0.09377163173967369,0.7244152198726712,0
1.2412843350349312,14.647657057219597,6.972485205309769,3.141592653589793,-2.988160382770096e-17,-0.1238258562344637,0.6671243305005642,0
1.2608369879444028,14.644635206838876,6.984416030035624,3.141592653589793,-3.008518734011557e-17,-0.1545493798060087,0.610189562567017,0
1.2803896408538744,14.641000839297623,6.995240072664843,3.141592653589793,-3.02724114714845e-17,-0.1858759298842498,0.5535843488519776,0
1.299942293763346,14.636743280223904,7.004963308187586,3.141592653589793,-3.0444723113728245e-17,-0.21774840956014435,0.49728471976469996,0
1.3194949466728176,14.631852823271245,7.013591288338531,3.141592653589793,-3.060338986600822e-17,-0.2501173101830507,0.4412690283458001,0
1.3390475995822892,14.62632060647056,7.021129182057953,3.141592653589793,-3.0749526706394435e-17,-0.2829394469537708,0.3855176969755722,0
1.3586002524917609,14.620138508444484,7.027581811480634,3.141592653589793,-3.088411970521854e-17,-0.3161769430828781,0.3300129886494966,0
1.3781529054012325,14.613299060709227,7.032953683934504,3.141592653589793,-3.100804461783486e-17,-0.3497964070103989,0.27473880290009706,0
1.397705558310704,14.605795373106188,7.03724902040476,3.141592653589793,-3.112208253269847e-17,-0.3837682608995068,0.21968049502763148,0
1.4172582112201757,14.597621070026275,7.04047178088046,3.141592653589793,-3.122693288013278e-17,-0.4180661886528386,0.16482471665717874,0
1.4368108641296473,14.588770235565914,7.042625686957586,3.141592653589793,-3.132322411863703e-17,-0.45266667911197156,0.11015927542410014,0
1.456363517039119,14.579237366121536,7.043714242029938,3.141592653589793,1.400367446429671e-17,-0.4875486456245293,0.05567301160574878,0
1.4759161699485905,14.569017329216003,7.043740749359131,3.141592653589793,1.392285414974506e-17,-0.5226931073164965,0.0013556896506867096,0
1.4959985744067044,14.55718595791735,7.0437714359463435,3.141592653589793,1.3783721961379407e-17,-0.5891411719811784,0.0015280335219050544,0
1.5160809788648182,14.544020149774543,7.043805583612713,3.141592653589793,1.3644582271339816e-17,-0.6555892333642769,0.0017003773846120777,0
1.536163383322932,14.529519904862902,7.043843192358043,3.141592653589793,1.3505434572182303e-17,-0.7220372909969915,0.0018727212375918706,0
1.5562457877810458,14.513685223269325,7.04388426218211,3.141592653589793,1.3366277914825269e-17,-0.788485344302337,0.0020450650793479267,0
1.5763281922391597,14.496516105095207,7.04392879308465,3.141592653589793,1.3227110462686551e-17,-0.8549333925590802,0.0022174089080096116,0
1.5964105966972735,14.478012550460367,7.043976785065352,3.141592653589793,1.3087930344502898e-17,-0.9213814348492871,0.0023897527211961134,0
1.6164930011553873,14.458174559508592,7.044028238123843,3.141592653589793,1.2948734812060301e-17,-0.9878294699796413,0.0025620965158123714,0
1.6365754056135011,14.437002132415621,7.0440831522596685,3.141592653589793,1.280951971676518e-17,-1.0542774963590509,0.00273444028773163,0
1.656657810071615,14.414495269401131,7.044141527472256,3.141592653589793,1.2670281321069043e-17,-1.1207255117997585,0.0029067840312795856,0
1.6767402145297288,14.390653970747563,7.044203363760875,3.141592653589793,1.2531013942433391e-17,-1.1871735131763868,0.0030791277383500617,0
1.6968226189878426,14.365478236831505,7.0442686611245495,3.141592653589793,1.2391709205135644e-17,-1.2536214958008494,0.003251471396783743,0
1.7169050234459564,14.338968068180183,7.044337419561912,3.141592653589793,1.2252349005702931e-17,-1.320069452172165,0.003423814987125616,0
1.7369874279040702,14.31112346558444,7.044409639070908,3.141592653589793,1.211290920199894e-17,-1.3865173691635095,0.0035961584753291236,0
1.757069832362184,14.281944430362367,7.044485319648123,3.141592653589793,1.197333236871238e-17,-1.4529652205209003,0.0037685017933002897,0
1.7771522368202979,14.251430965150188,7.044564461286716,3.141592653589793,1.1833464124874503e-17,-1.5194129406078778,0.0039408447708002715,0
1.7972346412784117,14.219583077856981,7.044647063966177,3.141592653589793,1.1692718750187098e-17,-1.5858602668635788,0.004113186726834736,0
1.8173170457365255,14.188891065250221,7.0447266686965,3.141592653589793,-3.1902840968744037e-18,-1.5283036785149193,0.003963904346675348,0
1.8373994501946393,14.159533474727091,7.04480281238595,3.141592653589793,-3.053027566063817e-18,-1.4618563521296537,0.003791562390304837,0
1.8574818546527532,14.131510314194717,7.044875495014018,3.141592653589793,-2.914892178144694e-18,-1.3954086320102748,0.003619219412720816,0
1.877564259110867,14.104821586288963,7.044944716573871,3.141592653589793,-2.7764674180341614e-18,-1.32896078063848,0.0034468760947122916,0
1.8976466635689808,14.079467292327793,7.0450104770620845,3.141592653589793,-2.6379010377595713e-18,-1.2625128636390315,0.0032745326064877655,0
1.9177290680270946,14.05544743310199,7.045072776476613,3.141592653589793,-2.4992500002921505e-18,-1.1960649072625285,0.0031021890161324383,0
1.9378114724852085,14.03276200913875,7.045131614816086,3.141592653589793,-2.3605435913485727e-18,-1.129616924634463,0.002929845357689411,0
1.9578938769433223,14.011411020814641,7.045186992079526,3.141592653589793,-2.2218000703405086e-18,-1.0631689232551873,0.0027575016506120684,0
1.977976281401436,13.991394468412095,7.045238908266204,3.141592653589793,-2.0830271781635617e-18,-0.9967209078124525,0.0025851579070588554,0
1.99805868585955,13.972712352150772,7.045287363375548,3.141592653589793,-1.9442307661026044e-18,-0.930272881431441,0.002412814135135442,0
2.018141090317664,13.955364672206413,7.045332357407104,3.141592653589793,-1.8054161268353065e-18,-0.8638248462997892,0.0022404703405158183,0
2.038223494775778,13.939351428722796,7.045373890360496,3.141592653589793,-1.6665865958854734e-18,-0.7973768040085097,0.002068126527326535,0
2.058305899233892,13.924672621819742,7.0454119622354145,3.141592653589793,-1.5277442096521347e-18,-0.7309287557508652,0.0018957826986625125,0
2.078388303692006,13.911328251598633,7.045446573031597,3.141592653589793,-1.3888909994344683e-18,-0.6644807024447518,0.0017234388569044641,0
2.09847070815012,13.899318318146376,7.04547772274882,3.141592653589793,-1.250028290517808e-18,-0.5980326448113746,0.0015510950039229533,0
2.118553112608234,13.888642821538284,7.045505411386885,3.141592653589793,-1.111157914801617e-18,-0.5315845834276992,0.0013787511412144333,0
2.1386355170663482,13.879301761840255,7.045529638945622,3.141592653589793,-9.722806826897045e-19,-0.46513651876251005,0.001206407269994773,0
2.1587179215244623,13.87129513911044,7.04555040542488,3.141592653589793,-8.333972696375736e-19,-0.39868845120186563,0.0010340633912652784,0
2.1788003259825763,13.864622953400525,7.0455677108245265,3.141592653589793,-6.945084297971757e-19,-0.3322403810674816,0.0008617195058603714,0
2.1988827304406904,13.859285204756755,7.04558155514444,3.141592653589793,-5.556147111434145e-19,-0.2657923086302767,0.0006893756144827235,0
2.2189651348988044,13.855281893220756,7.045591938384513,3.141592653589793,-4.16716621181197e-19,-0.199344234120532,0.0005170317177296065,0
2.2390475393569185,13.852613018830178,7.045598860544648,3.141592653589793,-2.778145847477645e-19,-0.13289615773563143,0.0003446878161129674,0
2.2591299438150325,13.851278581619262,7.045602321624756,3.141592653589793,-1.3890894127110544e-19,-0.06644807964604305,0.00017234391007494294,0
2.2792123482731466,13.851278581619262,7.045602321624756,3.141592653589793,-1.7053740799749875e-29,1.5030741508120383e-26,3.865634880382806e-25,0
2.300346955439732,13.852485411991509,7.044749171799663,3.141592653589793,6.6624936547259144e-18,0.057102096231736135,-0.040367432352478465,0
2.3214815626063174,13.854897637827756,7.043040846044842,3.141592653589793,1.331901567306785e-17,0.11413629868940078,-0.08083073138555286,0
2.342616169772903,13.8585137141859,7.040475170924402,3.141592653589793,1.9969128973311796e-17,0.17109740103710738,-0.12139686818958162,0
2.3637507769394883,13.863331972962445,7.037049809024502,3.141592653589793,2.0675349258705753e-18,0.22797957580041953,-0.16207360150582104,0
2.3848853841060738,13.869350607595997,7.032762239705881,3.141592653589793,8.703311233116378e-18,0.2847762717382094,-0.2028696007844287,0
2.406019991272659,13.876567655135709,7.027609736728227,3.141592653589793,7.149431274626537e-18,0.34148008916484296,-0.2437945941952552,0
2.4271545984392446,13.884980975083518,7.021589342085635,3.141592653589793,5.586807789746038e-18,0.39808262729915045,-0.2848595479035207,0
2.44828920560583,13.894588224252828,7.014697835217982,3.141592653589793,-4.166946370806077e-18,0.4545742957786976,-0.3260768848615696,0
2.4694238127724155,13.905386826663115,7.006931696532704,3.141592653589793,-5.749516555892073e-18,0.5109440797821286,-0.36746075401659545,0
2.490558419939001,13.917373937186538,6.998287063863666,3.141592653589793,-7.343529749526788e-18,0.5671792443994119,-0.4090273644974385,0
2.5116930271055864,13.930546397243916,6.988759680077516,3.141592653589793,-7.685666892765485e-19,0.623264958442326,-0.4507954044782969,0
2.532827634272172,13.944900680261174,6.978344829467246,3.141592653589793,-1.0570812052254494e-17,0.6791838099528968,-0.49278657171999907,0
2.5539622414387573,13.960432823762245,6.967037259779073,3.141592653589793,2.05193473238845e-17,0.734915173896762,-0.5350262533410235,0
2.5750968486053427,13.977138343762736,6.954831085597265,3.141592653589793,1.0683968153788442e-17,0.7904343747113752,-0.5775444078802928,0
2.596231455771928,13.995012125334249,6.941719667199154,3.141592653589793,9.010396279660312e-18,0.8457115588015979,-0.6203767259436217,0
2.6173660629385136,14.014048280489924,6.927695456629623,3.141592653589793,1.549588339423747e-17,0.9007101483188186,-0.6635661812396403,0
2.638500670105099,14.03423996031395,6.912749799207776,3.141592653589793,2.1955468234536532e-17,0.9553846761794306,-0.7071651393396202,0
2.6596352772716845,14.055579101490878,6.896872673261224,3.141592653589793,-4.341430323074321e-18,1.0096776821414155,-0.7512382804850365,0
2.68076988443827,14.078056076196319,6.880052342369652,3.141592653589793,2.05277272488658e-18,1.0635151402755252,-0.7958667392770266,0
2.7019044916048554,14.101659195078037,6.862274880636151,3.141592653589793,2.2332432998395664e-19,1.1167995078251256,-0.8411541124647952,0
2.723039098771441,14.12637397853338,6.843523508558837,3.141592653589793,6.524596625192339e-18,1.1693987619707067,-0.8872354205362385,0
2.7441737059380262,14.152182046263322,6.8237776375414105,3.141592653589793,1.2763101634787724e-17,1.221128338299361,-0.9342908936885836,0
2.7653083131046117,14.179059344167372,6.803011450681691,3.141592653589793,1.074074064991162e-17,1.2717197765825259,-0.9825679131880067,0
2.786442920271197,14.20697314521675,6.781191718656962,3.141592653589793,4.337877099462989e-19,1.3207627106270956,-1.032417203345338,0
2.8075775274377825,14.23587659648901,6.758274313316306,3.141592653589793,6.351409768373818e-18,1.3675887630386927,-1.0843544505000349,0
2.828712134604368,14.265697850792971,6.734198491335238,3.141592653589793,1.2074160521655882e-17,1.4110153109971406,-1.1391658142163819,0
2.8498467417709534,14.296315737059299,6.708877814020209,3.141592653589793,9.327595596725142e-18,1.4487085577220455,-1.198067090410071,0
2.870981348937539,14.327497620436876,6.6821910519438585,3.141592653589793,1.432469096637291e-17,1.4753945096683967,-1.262704429091192,0
2.8921159561041243,14.358735904484714,6.654027439148618,3.141592653589793,1.0577898273802568e-17,1.4780631502451331,-1.332582743234851,0
2.9132505632707097,14.389128954895824,6.624651456303194,3.141592653589793,7.012189092417065e-18,1.438070278361453,-1.389946953538271,0
2.934385170437295,14.418476465335164,6.594230910138175,3.141592653589793,2.110311010265867e-17,1.388599760005894,-1.4393712608539233,0
2.9555197776038806,14.44674255540276,6.56280299037148,3.141592653589793,1.9888142888279732e-17,1.3374315332573365,-1.4870359084025753,0
2.976654384770466,14.473892667859674,6.530406117512623,3.141592653589793,1.9492215880110118e-17,1.2846282044853106,-1.532882660344794,0
2.9977889919370515,14.499893609853586,6.497079896907034,3.141592653589793,1.9722918178008296e-17,1.2302543306799232,-1.5768554552685445,0
3.018923599103637,14.52471359350372,6.462865070284158,3.141592653589793,2.0429117413519464e-17,1.1743763891375003,-1.6189005243007977,0
3.0400582062702224,14.54832227476141,6.4278034659165435,3.141592653589793,-1.1232496100855805e-17,1.1170626958714758,-1.6589664568285896,0
3.061192813436808,14.570690790502344,6.391937947454115,3.141592653589793,-9.898732728778121e-18,1.058383321943152,-1.6970042631846647,0
3.0823274206033933,14.591791793807124,6.355312361497266,3.141592653589793,-4.109093298158319e-17,0.9984100077403316,-1.7329674343204327,0
3.1034620277699787,14.611599486854221,6.317971484938192,3.141592653589793,-3.940858717491371e-17,0.9372160500060452,-1.766811952772485,0
3.124596634936564,14.63007704257965,6.279986381530762,3.141592653589793,-3.7619031688686705e-17,0.8742795917514374,-1.7972940357030098,0
3.1415283270040493,14.643972021701277,6.249280895895066,3.141592653589793,-3.614213711258506e-17,0.8206491747100818,-1.8134918538154128,0
3.1584600190715344,14.656928949767604,6.2184345625266735,3.141592653589793,-3.4427391926887844e-17,0.7652470889905362,-1.8218104395855772,0
3.1753917111390195,14.66893732926539,6.187594001662333,3.141592653589793,-3.249680007273397e-17,0.709225011293843,-1.8214695106323795,0
3.1923234032065047,14.680010079124118,6.156909565372097,3.141592653589793,-3.039288252564748e-17,0.6539659364577839,-1.812248661736587,0
3.2092550952739898,14.690182686126265,6.126524329167418,3.141592653589793,-2.817104313257173e-17,0.6008027408957148,-1.7945776525803299,0
3.226186787341475,14.699507846944803,6.096565253838872,3.141592653589793,-2.588755726419314e-17,0.5507518552411064,-1.7694082321563964,0
3.24311847940896,14.708048082816504,6.067138786531949,3.141592653589793,-3.014413337984376e-17,0.50439352650995,-1.7379519536286154,0
3.260050171476445,14.71586900189783,6.0383306736664455,3.141592653589793,-2.786535469439991e-17,0.4619100707806395,-1.7014314192982818,0
3.2769818635439303,14.723034565007552,6.010208336124177,3.141592653589793,-2.5626770369872386e-17,0.4232041949003296,-1.6609289508798357,0
3.2939135556114154,14.729604413494377,5.982824174506251,3.141592653589793,-1.688498330604899e-17,0.3880207873282744,-1.617331658807633,0
3.3108452476789005,14.735632724107072,5.956218804691496,3.141592653589793,-8.199125773110562e-18,0.3560371041871313,-1.5713355587093043,0
3.3277769397463857,14.741167998838446,5.930423802610517,3.141592653589793,-6.1242668131723644e-18,0.32691798960853063,-1.5234745575438,0
3.344708631813871,14.746253347512942,5.905463873615183,3.141592653589793,2.450554497433866e-18,0.30034497758572004,-1.4741544374803612,0
3.361640323881356,14.750926987257722,5.881358506796484,3.141592653589793,4.419185154481472e-18,0.27602910129431313,-1.4236832752816986,0
3.378572015948841,14.75522280535997,5.858123215709086,3.141592653589793,6.3397027694676975e-18,0.25371463673722533,-1.3722958694729948,0
3.395503708016326,14.759170908158252,5.835770463703623,3.141592653589793,8.215726238045673e-18,0.233178277903104,-1.3201723676742072,0
3.4124354000838113,14.762798121735079,5.814310354651972,3.141592653589793,3.496197303582231e-18,0.21422629010549812,-1.2674521226890865,0
3.4293670921512964,14.766128432974222,5.793751150973421,3.141592653589793,5.293581208886327e-18,0.19669098787468878,-1.2142438922588148,0
3.4462987842187816,14.769183370789696,5.774099664820037,3.141592653589793,7.056362167485412e-18,0.18042720144552712,-1.1606333303877054,0
3.4632304762862667,14.771982332342063,5.755361555864641,3.141592653589793,8.787332814961347e-18,0.1653090276630245,-1.1066885034709566,0
3.480162168353752,14.774542860848877,5.737541559946545,3.141592653589793,1.0489027833874069e-17,0.15122697109123587,-1.0524639738940422,0
3.497093860421237,14.776880881812417,5.720643666171805,3.141592653589793,1.2163736119379047e-17,0.13808548810255833,-0.9980038443523782,0
3.514025552488722,14.779010903996411,5.704671255282589,3.141592653589793,7.258945436206573e-18,0.1258009049245472,-0.9433440453295376,0
3.530957244556207,14.780946190727523,5.68962720868245,3.141592653589793,1.544024669024546e-17,0.11429966499498581,-0.8885140681851225,0
3.5478889366236923,14.782698906293579,5.675513995041893,3.141592653589793,3.936438602309197e-18,0.10351685815390153,-0.8335382892805405,0
3.5648206286911774,14.784280241457338,5.662333739631662,3.141592653589793,5.521919883928468e-18,0.09339498719073631,-0.7784369900950844,0
3.5817523207586626,14.785700521440143,5.650088280240796,3.141592653589793,7.088910606126342e-18,0.08388293249980212,-0.7232271495405493,0
3.5986840128261477,14.78696929916223,5.638779212592988,3.141592653589793,8.63865527068901e-18,0.07493508132732749,-0.6679230642001881,0
3.615615704893633,14.788095436050876,5.628407927479662,3.141592653589793,1.0172283661252274e-17,0.06651059351643893,-0.6125368375463641,0
3.632547396961118,14.78908717233306,5.618975641312125,3.141592653589793,1.1690823499102852e-17,0.05857278045404272,-0.5570787686158183,0
3.649479089028603,14.789952188404197,5.610483421409045,3.141592653589793,1.3195211524226684e-17,0.051088578016241296,-0.501557662945483,0
3.666410781096088,14.790697658597239,5.602932207044448,3.141592653589793,-1.1532001702952418e-17,0.04402809772764767,-0.44598108295965605,0
3.6833424731635733,14.791330298456938,5.596322827060357,3.141592653589793,-1.0053421900573327e-17,0.03736424317057811,-0.39035555086568874,0
3.7002741652310585,14.791856406443674,5.590656014679017,3.141592653589793,-8.586636010909433e-18,0.031072380990661497,-0.33468671404801603,0
3.7172058572985436,14.792281900842813,5.585932420019376,3.141592653589793,-7.130983583264487e-18,0.02513005773095138,-0.27897948065757144,0
3.7341375493660287,14.79261235253308,5.582152620721342,3.141592653589793,-5.685856618009513e-18,0.019516755262907456,-0.22323813136746204,0
3.751069241433514,14.792853014166248,5.579317131002438,3.141592653589793,-4.250694248307326e-18,0.014213678834235058,-0.16746641195709305,0
3.768000933500999,14.793008846226384,5.577426409409436,3.141592653589793,-2.8249780851477163e-18,0.00920357277427714,-0.11166761038800033,0
3.784932625568484,14.793084540367126,5.576480865478516,3.141592653589793,-1.4082283872872606e-18,0.004470559731466533,-0.05584462126714654,0
3.801864317635969,14.793084540367126,5.576480865478516,3.141592653589793,-2.3305949680877642e-29,3.553416952729518e-23,1.993322635817198e-25,0
3.8307414881441866,14.790325426420218,5.576464231008626,3.141592653589793,-6.071759079404665e-19,-0.09554654761355177,-0.0005760422367266794,0
3.859618658652404,14.784807198579497,5.576430962069167,3.141592653589793,-1.2018528225976774e-18,-0.19109309338841482,-0.0011520844623680562,0
3.8884958291606213,14.77652985690413,5.576381058660494,3.141592653589793,-1.782602472515058e-18,-0.28663963711445334,-0.0017281266756572393,0
3.9173729996688387,14.76549340146045,5.576314520783008,3.141592653589793,-2.3477367588830534e-18,-0.3821861785433248,-0.002304168875096993,0
3.946250170177056,14.751697832323353,5.57623134843716,3.141592653589793,-2.8952426873326495e-18,-0.4777327173786209,-0.002880211058900294,0
3.9751273406852734,14.735143149578066,5.5761315416234645,3.141592653589793,-3.422685380103801e-18,-0.5732792532626068,-0.0034562532249103905,0
4.004004511193491,14.715829353322437,5.576015100342511,3.141592653589793,-3.927093790791376e-18,-0.6688257857580515,-0.004032295370491251,0
4.032881681701709,14.693756443669978,5.575882024594985,3.141592653589793,-4.404783661130297e-18,-0.7643723143227885,-0.004608337492374201,0
4.061758852209927,14.668924420753934,5.575732314381688,3.141592653589793,-4.851108162850932e-18,-0.8599188382732165,-0.005184379586437864,0
4.090636022718145,14.641333284732935,5.575565969703577,3.141592653589793,-5.260092884643903e-18,-0.9554653567304195,-0.005760421647383327,0
4.1195131932263624,14.610983035799006,5.575382990561811,3.141592653589793,-5.623876837093432e-18,-1.0510118685379295,-0.00633646366823834,0
4.14839036373458,14.57787367418935,5.575183376957818,3.141592653589793,-5.931826474586613e-18,-1.1465583721311128,-0.006912505639569857,0
4.177267534242798,14.542005200204434,5.574967128893411,3.141592653589793,-6.169053054621628e-18,-1.2421048653194826,-0.007488547548171616,0
4.206144704751016,14.503377614237165,5.574734246370957,3.141592653589793,-6.313795557714145e-18,-1.3376513449015595,-0.008064589374742154,0
4.235021875259234,14.461990916823332,5.5744847293936886,3.141592653589793,-6.332426184881822e-18,-1.4331978059296013,-0.008640631089451952,0
4.2638990457674515,14.417845108736852,5.5742185779662705,3.141592653589793,-6.168895889933409e-18,-1.5287442401573748,-0.009216672642585147,0
4.292776216275669,14.370940191193878,5.573935792096035,3.141592653589793,-5.719114392210273e-18,-1.6242906322704505,-0.00979271394181231,0
4.321653386783887,14.321276166383484,5.573636371796179,3.141592653589793,-4.754083986071946e-18,-1.7198369485771046,-0.010368754784008824,0
4.350530557292105,14.268853039413507,5.573320317097498,3.141592653589793,-2.5868144313174422e-18,-1.8153830880022974,-0.010944794559801633,0
4.379407727800323,14.213670835823002,5.5729876281539665,3.141592653589793,5.591423735891929e-18,-1.9109283430245751,-0.01152082900360238,0
4.4082848983085405,14.161247708853026,5.572671573455286,3.141592653589793,1.5446194968808512e-17,-1.8153830880022974,-0.010944794559801633,0
4.437162068816758,14.111583684042632,5.57237215315543,3.141592653589793,1.9290110385116147e-17,-1.7198369485771046,-0.010368754784008824,0
4.466039239324976,14.064678766499657,5.572089367285194,3.141592653589793,2.1931802668020725e-17,-1.6242906322704505,-0.00979271394181231,0
4.494916409833194,14.020532958413177,5.571823215857776,3.141592653589793,2.4058259822420285e-17,-1.5287442401573745,-0.009216672642585145,0
4.523793580341412,13.979146260999345,5.571573698880508,3.141592653589793,2.5898471626600455e-17,-1.4331978059296013,-0.008640631089451952,0
4.55267075084963,13.940518675032077,5.571340816358054,3.141592653589793,2.755653171071301e-17,-1.3376513449015595,-0.008064589374742154,0
4.581547921357847,13.90465020104716,5.571124568293647,3.141592653589793,2.9088483728926786e-17,-1.2421048653194828,-0.007488547548171614,0
4.610425091866065,13.871540839437504,5.570924954689654,3.141592653589793,-1.418762580215615e-17,-1.1465583721311128,-0.0069125056395698565,0
4.639302262374283,13.841190590503574,5.570741975547888,3.141592653589793,-1.2818874021504307e-17,-1.0510118685379295,-0.00633646366823834,0
4.668179432882501,13.813599454482576,5.570575630869777,3.141592653589793,-1.1505953635373817e-17,-0.9554653567304195,-0.0057604216473833274,0
4.697056603390719,13.788767431566532,5.57042592065648,3.141592653589793,-1.0238229813849444e-17,-0.8599188382732166,-0.005184379586437864,0
4.725933773898936,13.766694521914072,5.570292844908954,3.141592653589793,-9.007841975341772e-18,-0.7643723143227886,-0.004608337492374203,0
4.754810944407154,13.747380725658443,5.570176403628,3.141592653589793,-7.808816263756142e-18,-0.6688257857580516,-0.004032295370491252,0
4.783688114915372,13.730826042913156,5.570076596814305,3.141592653589793,-6.636506637334472e-18,-0.5732792532626068,-0.0034562532249103905,0
4.81256528542359,13.71703047377606,5.569993424468457,3.141592653589793,-5.4872281803347506e-18,-0.4777327173786209,-0.0028802110589002936,0
4.841442455931808,13.70599401833238,5.569926886590971,3.141592653589793,-4.358009436952155e-18,-0.38218617854332493,-0.0023041688750969924,0
4.8703196264400255,13.697716676657013,5.569876983182298,3.141592653589793,-3.2464198605441594e-18,-0.28663963711445334,-0.0017281266756572393,0
4.899196796948243,13.692198448816292,5.569843714242839,3.141592653589793,-2.150443039689829e-18,-0.19109309338841482,-0.0011520844623680562,0
4.928073967456461,13.689439334869384,5.569827079772949,3.141592653589793,-1.068391221535272e-18,-0.09554654761355177,-0.0005760422367266793,0
4.956951137964679,13.689439334869384,5.569827079772949,3.141592653589793,1.164058264010496e-21,-8.292878253377735e-23,-1.889264854898791e-23,0
4.982773404211449,13.691627769305978,5.56954762129461,3.1416774459565193,0.003283691908209716,0.08474989823429069,-0.010822383894168399,0
5.008595670458219,13.696002686265551,5.56897383132575,3.1418479387704976,0.006602550386134748,0.16942420613928127,-0.022220744042202506,0
5.0344179367049895,13.702561844983299,5.568089527602302,3.142105116481575,0.009959532932530346,0.254011737585932,-0.034245782883591015,0
5.06024020295176,13.711302659070293,5.566877040852874,3.1424500497416434,0.013357977830918707,0.3384991078421072,-0.04695508666201264,0
5.08606246919853,13.722222125467622,5.5653170040137745,3.142883906950642,0.0168016704983441,0.42287018083450695,-0.060414404537205424,0
5.1118847354453,13.735316734683245,5.563388100564991,3.143407967890798,0.020294924355114825,0.507105344297932,-0.0746992316766084,0
5.13770700169207,13.750582356194816,5.561066761860742,3.1440236399211114,0.023842679973543952,0.5911805480467097,-0.08989678450625722,0
5.1635292679388405,13.768014090483424,5.558326800275748,3.144732477328772,0.02745062733404696,0.6750660117133953,-0.10610848632764407,0
5.189351534185611,13.787606075610473,5.555138960863634,3.14553620459396,0.031125357375962608,0.758724464375593,-0.12345312303918453,0
5.215173800432381,13.809351230942632,5.551470368609641,3.146436744527499,0.03487455070493597,0.8421087105353516,-0.14207088637903126,0
5.240996066679151,13.833240912557207,5.547283840676691,3.147436252493882,0.03870721325661582,0.9251582098281341,-0.16212860222802433,0
5.266818332925921,13.859264442345271,5.542537022505909,3.1485371582351416,0.042633970649152995,1.0077941858152468,-0.18382655207023804,0
5.2926405991726915,13.887408453038255,5.537181292233229,3.1497422171427445,0.046667434069754904,1.0899124973780536,-0.20740744524505517,0
5.318462865419462,13.917655959431382,5.531160358507778,3.1510545731086244,0.050822648691574705,1.1713730353515455,-0.23316829235325523,0
5.344285131666232,13.949985013437935,5.524408451737525,3.152477835108702,0.05511762548168158,1.2519836058384317,-0.2614761503010267,0
5.370107397913002,13.984366712254868,5.516847979448175,3.154016168884688,0.05957392590119766,1.331474878632311,-0.29278887519386154,0
5.395929664159772,14.020762178575891,5.508386491382454,3.1556744021408316,0.06421718528872583,1.4094605784488614,-0.3276818535158976,0
5.4217519304065425,14.059117875369909,5.498912809097803,3.1574581332947753,0.06907725049758744,1.4853729888563645,-0.36688035798697294,0
5.447574196653313,14.099358191000796,5.488292307713265,3.1593738123029165,0.0741870984457367,1.5583572427893162,-0.4112923816617155,0
5.473396462900083,14.141373584031477,5.4763618395293445,3.161428710148589,0.07957852444224557,1.6270993656852513,-0.4620225068515442,0
5.499218729146853,14.185001886187784,5.462926260475939,3.163630577894479,0.08527012016867937,1.689561316554479,-0.5203098335757906,0
5.525040995393623,14.230000837383155,5.447762075223324,3.165986580663761,0.09123919437459625,1.7426414384137556,-0.5872523003092847,0
5.5508632616403935,14.276015769714265,5.4306397036710905,3.168500875633748,0.09736926054280912,1.781986596039427,-0.6630855475117762,0
5.576685527887164,14.32256425495774,5.411376757241177,3.1711706699572715,0.10339117016335433,1.8026491090532488,-0.7459820236467888,0
5.602507794133934,14.369077598897645,5.389907991782649,3.1739828962609327,0.10890702918118429,1.8012882175175853,-0.8314051622488813,0
5.628330060380704,14.415002351224434,5.366313048489317,3.1769155033820518,0.11356892896594772,1.7784942610346004,-0.9137440946447533,0
5.654152326627474,14.45988874795359,5.340771549353397,3.1799430942902784,0.11724729654993074,1.7382826240032958,-0.9891269376527105,0
5.679974592874244,14.503623232953984,5.313348429910995,3.183042744115324,0.12003786946599178,1.6936733818191023,-1.0619950696942333,0
5.705796859121015,14.545933584053811,5.284240281305793,3.1861950706584934,0.122077842163192,1.6385219908853692,-1.1272499604422899,0
5.731619125367785,14.58662868829931,5.253629298876597,3.1893839627022613,0.12349388753463275,1.575969508508352,-1.1854491056928476,0
5.757441391614555,14.62557450874977,5.221673858692068,3.1925963839211837,0.12440508467472568,1.5082262756597666,-1.2375149368823024,0
5.783263657861325,14.662675664675444,5.1885081343173285,3.1958218386097776,0.12490982231263868,1.436789303120131,-1.284384726646044,0
5.809085924108095,14.69786286765622,5.154244974084078,3.199051829192903,0.12508548057935956,1.3626690486616522,-1.3268843216864155,0
5.834908190354866,14.731084659391456,5.118979445914672,3.2022794056300845,0.12499198971681981,1.286556006268109,-1.3657022908984624,0
5.860730456601636,14.762301997102929,5.082792101240629,3.2054988166942175,0.12467577529279883,1.2089309827860941,-1.4014008037954673,0
5.886552722848406,14.791484665065735,5.045751704491314,3.208705246705422,0.12417306755969773,1.1301358170471625,-1.4344363269799265,0
5.912374989095176,14.818608854561994,5.007917430138207,3.2118946177608367,0.12351243786797754,1.0504186285220751,-1.4651802437301467,0
5.938197255341946,14.843655499511764,4.96934060616369,3.2150634405248546,0.122716679230823,0.9699630818770353,-1.4939364192847189,0
5.964019521588717,14.86660910892099,4.930066093564318,3.218208700678296,0.12180418726164155,0.8889076268468948,-1.5209552958693107,0
5.989841787835487,14.88745693206787,4.890133380889893,3.221327771588289,0.12078997560420963,0.8073583839485718,-1.5464449282959523,0
6.008833060632012,14.901644926020154,4.860427326887072,3.2236063133335078,0.11997835898790919,0.7470796772969314,-1.5641950026780713,0
6.027824333428538,14.91467847944736,4.830418956655349,3.225866993189815,0.11903782756051529,0.6862917281452289,-1.580113695023792,0
6.0468156062250635,14.92654807670336,4.800147279830815,3.2281071072292145,0.11795491873557898,0.625002725365947,-1.593978305133415,0
6.065806879021589,14.937244652807973,4.76965619234906,3.230323664689105,0.11671452901755469,0.5632363991196137,-1.6055315411684208,0
6.084798151818115,14.946760019814425,4.7389952259682335,3.232513355248323,0.11529983180583185,0.5010389302709465,-1.614476644579407,0
6.10378942461464,14.95508747323671,4.708220383740882,3.23467251669905,0.11369229823931988,0.4384884315814017,-1.6204728644087183,0
6.122780697411166,14.962222640473865,4.6773950357493215,3.236797106566695,0.11187190508020936,0.3757076902426432,-1.6231322840669231,0
6.141771970207691,14.968164644122524,4.646590816478396,3.23888268361893,0.10981765543469364,0.31288074855892173,-1.6220197351149963,0
6.160763243004217,14.972917654341952,4.6158884128912145,3.2409244084856694,0.10750858505452351,0.2502733898012177,-1.6166585523853738,0
6.1797545158007425,14.976492881708259,4.58537805762606,3.2429170765024935,0.10492545908711838,0.1882563325067584,-1.6065461010456459,0
6.198745788597268,14.97891099299121,4.555159451668567,3.2448551992261176,0.10205333493913796,0.1273274997867734,-1.5911838180232547,0
6.217737061393794,14.980204792222665,4.52534076490299,3.2467331511941153,0.09888499776282704,0.06812598846416058,-1.570125766980151,0
6.236728334190319,14.980421791898594,4.496036365565612,3.248545391224552,0.09542488541199012,0.011426283970144837,-1.5430455689490221,0
6.255719606986845,14.97962605600542,4.467363101033113,3.250286749130692,0.09169253292275761,-0.04190008230106819,-1.5098126828939182,0
6.27471087978337,14.977898570553611,4.439435346160356,3.2519527407881834,0.08772406543472257,-0.09096206822555834,-1.470557301344714,0
6.293702152579896,14.975335576538622,4.412359558836399,3.2535398488593072,0.08357038983791112,-0.13495641089706453,-1.4256962981918637,0
6.3126934253764215,14.972044848527403,4.386229453023335,3.2550457017389207,0.07929183555770139,-0.17327580128382047,-1.3759007146610518,0
6.331684698172947,14.968140595643803,4.361122817267345,3.2564691096386187,0.07495063205864691,-0.205581422869112,-1.3220091157125078,0
6.350675970969473,14.963738090845093,4.337100454678615,3.257809962645754,0.07060364102510469,-0.23181725868887,-1.2649158824745041,0
6.369667243765998,14.958949057792662,4.314207031301058,3.259069034801915,0.06629740774356692,-0.2521701996361063,-1.205470724518364,0
6.388658516562524,14.953878393036085,4.292473176618856,3.2602477519510225,0.062066253364722844,-0.26699973250309844,-1.1444127476375023,0
6.407649789359049,14.948622299476828,4.271918110495606,3.261347970607798,0.05793285518896187,-0.27676362798723586,-1.082342734132546,0
6.426641062155575,14.943267583332627,4.252552250527892,3.2623717942786437,0.05391021875234338,-0.28195667565685983,-1.019724174108959,0
6.4456323349521005,14.937891756781532,4.23437949729165,3.263321435078865,0.05000406293962051,-0.28306826028401694,-0.9569002262746245,0
6.464623607748626,14.93256361759836,4.2173990890458795,3.2641991171700746,0.046215022058456956,-0.2805572454390407,-0.8941163884960434,0
6.483614880545152,14.927344060686101,4.201607033144957,3.2650070138528893,0.042540417984136845,-0.2748397628838028,-0.8315427865272491,0
6.502606153341677,14.922286962078793,4.186997173800561,3.2657472095448825,0.03897557051198316,-0.26628539653406313,-0.769293322302735,0
6.521597426138203,14.917440042930252,4.173561969803009,3.266421679115899,0.03551471132253648,-0.2552182363165968,-0.7074409462441956,0
6.540588698934728,14.91284566636396,4.161293051029353,3.2670322787961052,0.032151593352815845,-0.2419204134193417,-0.6460293054130837,0
6.559579971731254,14.90854154797153,4.150181610895838,3.267580744492534,0.028879880896087298,-0.22663664718743998,-0.5850813819886719,0
6.5785712445277795,14.90456137656893,4.140218679309889,3.268068694641514,0.02569338844257123,-0.20957897057505376,-0.524605785651988,0
6.597562517324305,14.900935349994851,4.1313953095960825,3.268497635675416,0.022586218338169532,-0.1909312036599863,-0.46460128335465345,0
6.616553790120831,14.897690634386365,4.123702703992048,3.2688689688503327,0.01955283244546548,-0.17085298301235205,-0.40506003396685003,0
6.635545062917356,14.894851756492915,4.117132295544473,3.269183997636881,0.016588081795449613,-0.14948328760608037,-0.3459698840604954,0
6.654536335713882,14.892440938402787,4.111675799226948,3.2694439351805196,0.013687210247748396,-0.12694347113853643,-0.28731598855893176,0
6.673527608510407,14.890478383253612,4.107325241456328,3.269649911537629,0.010845842683449103,-0.10333984300067353,-0.2290819481785397,0
6.692518881306933,14.88898251946778,4.104072974558083,3.2698029805230457,0.008059964545655704,-0.07876585218153496,-0.17125060195240044,0
6.7115101541034585,14.887970209996205,4.101911680848882,3.269904126087253,0.005325897073412029,-0.05330392977983842,-0.1138045739407917,0
6.730501426899984,14.88745693206787,4.100834369659424,3.2699542681930662,0.002640270947083986,-0.02702704204363331,-0.05672664497003936,0
6.74949269969651,14.88745693206787,4.100834369659424,3.2699542681930662,5.047265886244438e-21,-6.7760799558675705e-21,-2.0544032348354703e-23,0
6.77631110080836,14.885077246187514,4.100819846557538,3.2700234174342557,0.002578425197728197,-0.08873332419899514,-0.000541534964212991,0
6.80312950192021,14.880317875097719,4.10079080035786,3.270162338842031,0.005180077932157296,-0.17746662338092306,-0.0010830697757480935,0
6.82994790303206,14.873178819550613,4.100747231064981,3.2703717246527533,0.007807542658831713,-0.26619989451762593,-0.0016246044161246133,0
6.8567663041439095,14.863660080395116,4.100689138684079,3.270652348663364,0.010463860594838986,-0.35493313399999576,-0.002166138863316349,0
6.8835847052557595,14.851761658596743,4.100616523221052,3.2710050815482616,0.013152644090396638,-0.4436663374803288,-0.002707673090789486,0
6.9104031063676095,14.837483555263173,4.1005293846826545,3.2714309102675903,0.015878229188704997,-0.5323994996577035,-0.003249207066192768,0
6.937221507479459,14.820825771677809,4.100427723076723,3.271930963030817,0.018645882770608913,-0.6211326139799259,-0.0037907407495384906,0
6.964039908591309,14.801788309344676,4.100311538412434,3.27250654195642,0.02146208952586619,-0.7098656722201492,-0.004332274090618625,0
6.990858309703159,14.7803711700499,4.1001808307006895,3.27315916664121,0.02433495874969899,-0.7985986638596904,-0.004873807025238184,0
7.017676710815009,14.756574355948025,4.100035599954637,3.2738906336096867,0.02727481647493193,-0.8873315751609361,-0.005415339469557212,0
7.044495111926859,14.730397869687026,4.099875846190439,3.274703099603691,0.030295094424754636,-0.9760643877249088,-0.005956871311287684,0
7.071313513038709,14.701841714596075,4.0997015694284125,3.2755992019945213,0.03341371422899172,-1.0647970761513494,-0.006498402395413113,0
7.098131914150559,14.670905894980361,4.099512769694833,3.2765822395931603,0.03665533953868336,-1.1535296040465866,-0.007039932499824773,0
7.124950315262409,14.637590416610292,4.099309447024914,3.277656457157871,0.04005524267573557,-1.2422619167757745,-0.00758146129108898,0
7.151768716374259,14.601895287592445,4.099091601468131,3.278827520382995,0.04366640726418096,-1.3309939272284366,-0.008122988237574923,0
7.178587117486109,14.5638205200714,4.098859233098604,3.2801033728299562,0.04757377002603583,-1.4197254848359462,-0.008664512420369933,0
7.205405518597959,14.523366134013386,4.098612342038182,3.281495955309813,0.05192637972893365,-1.5084562979460348,-0.009206032059535055,0
7.232223919709809,14.480532167400039,4.098350928518668,3.2830252375820765,0.057023618443371706,-1.5971856948034848,-0.00974754305538236,0
7.259042320821659,14.435318714108943,4.098074993112991,3.2847314190590855,0.06361980603890001,-1.6859115911693088,-0.010289032687907318,0
7.285860721933509,14.387726204762787,4.097784538449219,3.2867372469483707,0.07479297072631892,-1.7746214305493386,-0.010830424325464705,0
7.312679123045359,14.341648085864897,4.0975033260333245,3.3007707000431408,0.5232770229754409,-1.7181530959178124,-0.010485800951440395,0
7.339497524157209,14.297949454901804,4.097236635511265,3.3149772104032964,0.5297299529865757,-1.6294271526792437,-0.009944311032853457,0
7.366315925269059,14.25663051118213,4.09698446809941,3.3292427693789404,0.5319317477633337,-1.5406937776547143,-0.009402775758454817,0
7.393134326380909,14.217691279753438,4.096746823950624,3.343528759850908,0.5326935939389436,-1.4519594686606936,-0.008861234784087874,0
7.419952727492759,14.18113176509109,4.0965237030922195,3.357815754512303,0.5327310379843011,-1.36322499279031,-0.008319692791282978,0
7.446771128604609,14.146951967266459,4.096315105524633,3.372092058514909,0.532332406509417,-1.2744905142584526,-0.0077781507822352455,0
7.473589529716459,14.115151885229011,4.096121031241452,3.3863498591638335,0.5316424565901887,-1.185756074898757,-0.007236609012253221,0
7.500407930828309,14.085731517687647,4.095941480234798,3.400583568034617,0.5307441264458561,-1.0970216836814117,-0.006695067536081513,0
7.527226331940159,14.058690863377233,4.095776452496951,3.414788989465854,0.5296893491894447,-1.0082873396381258,-0.0061535263478106885,0
7.554044733052009,14.034029921137403,4.095625948020826,3.428962857590973,0.52851279485325,-0.9195530388622288,-0.005611985423598538,0
7.580863134163859,14.011748689928528,4.095489966800082,3.443102558096469,0.5272387584376929,-0.8308187768521704,-0.00507044473597233,0
7.607681535275709,13.991847168826244,4.095368508829075,3.4572059509296724,0.5258849241005562,-0.7420845493092784,-0.004528904258697484,0
7.6344999363875585,13.974325357009498,4.0952615741027945,3.471271251980984,0.5244645641867398,-0.6533503523819659,-0.003987363968267963,0
7.6613183374994085,13.959183253747453,4.095169162616782,3.485296951101558,0.5229878940984546,-0.5646161827057288,-0.0034458238441503696,0
7.6881367386112585,13.946420858387334,4.095091274367052,3.4992817535026153,0.5214629441453978,-0.475882037370183,-0.002904283868582776,0
7.714955139723108,13.93603817034371,4.095027909350032,3.513224536755481,0.519896141261958,-0.38714791386415964,-0.002362744026239649,0
7.741773540834958,13.928035189089314,4.0949790675625035,3.5271243185247356,0.5182927092216787,-0.2984138100186257,-0.001821204303883488,0
7.768591941946808,13.922411914147279,4.094944749001558,3.5409802318823185,0.5166569513146928,-0.2096797239546017,-0.001279664690046977,0
7.795410343058658,13.91916834508455,4.094924953664549,3.554791506099704,0.5149924546129295,-0.1209456540381108,-0.0007381251747580401,0
7.822228744170508,13.918304481506347,4.094919681549072,3.5685574514784415,0.5133022405520987,-0.03221159884215973,-0.0001965857493078073,0
7.841674215132021,13.918926581881855,4.0948343228530515,3.5785147592263398,0.5120630797580761,0.03199204468101887,-0.004389643671958623,0
7.8611196860935335,13.920797195174648,4.094668112935734,3.588445570313113,0.5107004662642665,0.09619789077635006,-0.008547487515898637,0
7.880565157055046,13.92391636826338,4.0944218113448105,3.5983472221185213,0.5092009252440476,0.1604061478028737,-0.012666271350067648,0
7.900010628016559,13.928284152670912,4.094096265328604,3.608216744627914,0.507548648676446,0.22461705432631968,-0.016741482868848526,0
7.919456098978071,13.933900605257762,4.09369242605672,3.6180508039476593,0.5057249237732038,0.28883088499191817,-0.020767780027755003,0
7.938901569939584,13.940765789068005,4.093211368942814,3.627845631081165,0.503707374991934,0.35304795778165277,-0.02473877435624599,0
7.958347040901097,13.948879774350196,4.092654319656473,3.6375969308231855,0.5014689416019208,0.41726864299746813,-0.028646738606768477,0
7.977792511862609,13.95824263977907,4.092022687876274,3.6472997633162514,0.4989764718103236,0.48149337435669887,-0.03248220466114372,0
7.997237982824122,13.968854473966566,4.0913181123831945,3.6569483871863473,0.49618874694231463,0.5457226625652898,-0.03623339825893541,0
8.016683453785635,13.980715377266181,4.090542521510579,3.6665360473092976,0.4930536340275157,0.6099571115145342,-0.03988542408496151,0
8.036128924747148,13.993825463940304,4.089698217561794,3.67605468042271,0.4895038609376727,0.6741974364781469,-0.04341905614382784,0
8.05557439570866,14.00818486466128,4.088787996830906,3.685494494591043,0.4854505291755041,0.7384444814342972,-0.04680887948648812,0
8.075019866670173,14.02379372915719,4.087815328224278,3.6948433468881685,0.480772737036264,0.8026992263023124,-0.05002031596752781,0
8.094465337631686,14.040652228267847,4.086784628416559,3.7040857818666355,0.4753001352736343,0.8669627567769457,-0.05300462057867202,0
8.113910808593198,14.058760553098686,4.085701711600085,3.7132014634563504,0.468781733687853,0.9312361148426866,-0.05568992560223178,0
8.133356279554711,14.078118903840146,4.084574576502366,3.722162433086808,0.4608255386662525,0.995519768127644,-0.05796388879786948,0
8.152801750516224,14.098727442647629,4.083414919775563,3.7309278451807275,0.45076882484709324,1.0598117601657122,-0.05963634020111143,0
8.172247221477736,14.120586106678951,4.082241461974663,3.7394324217924235,0.43735513675798116,1.1241005206167705,-0.0603460721695389,0
8.191692692439249,14.143693729402717,4.081088937344821,3.747555333151898,0.41772767425131463,1.1883292911186596,-0.0592695674763066,0
8.211138163400761,14.168041516231188,4.080043406081411,3.754997853504687,0.3827379839511142,1.2521057924283714,-0.053767340573897995,0
8.230583634362274,14.19338569103406,4.079574793121411,3.759625982462477,0.2380054958272816,1.3033458975705843,-0.02409882272356939,0
8.250029105323787,14.217591872183995,4.079565505133651,3.762939701870339,0.1704108588792149,1.244823599179141,-0.00047764240401338646,0
8.2694745762853,14.240577114279095,4.079807819281928,3.7656791139096546,0.14087661053503567,1.1820357624636646,0.012461210877107179,0
8.288920047246812,14.262328279386086,4.08024416599301,3.768046896881886,0.12176526744546613,1.1185722963253306,0.022439503983911358,0
8.308365518208324,14.28284061209757,4.0808478163279505,3.770137186538474,0.10749493600463068,1.0548642792895169,0.03104323610774511,0
8.327810989169837,14.30211175286419,4.081603364319796,3.7720042260523132,0.09601410619133252,0.9910349204396739,0.038854701558144196,0
8.34725646013135,14.320140316440753,4.082500795628657,3.773683262740853,0.08634589986856211,0.9271343240606894,0.04615117236005787,0
8.366701931092862,14.336925400052985,4.083533080476831,3.775199031365216,0.07794969982280568,0.8631873018348353,0.053086133438041826,0
8.386147402054375,14.352466372092861,4.084695013235671,3.776569843840509,0.07049520569625951,0.7992077985977382,0.059753386986883476,0
8.405592873015888,14.366762767430602,4.085982584060594,3.7778098021888535,0.06376592013631563,0.7352043756564006,0.0662144333088268,0
8.4250383439774,14.37981423002708,4.087392609611958,3.7789301000346573,0.057612276299259205,0.6711826431083383,0.07251177030061742,0
8.444483814938913,14.391620478997712,4.088922501265403,3.77993983792705,0.05192663599617229,0.6071464658020536,0.07867598888052502,0
8.463929285900425,14.402181287321886,4.090570112908425,3.7808465600451737,0.04662896156735818,0.5430986138455083,0.08472984015537541,0
8.483374756861938,14.411496467851126,4.0923336363427145,3.7816566219026435,0.04165812486994548,0.4790411374991799,0.09069070297627937,0
8.50282022782345,14.41956586373585,4.094211527341957,3.7823754507022773,0.036966386726077584,0.41497559507251697,0.09657215165407303,0
8.522265698784963,14.426389341675884,4.096202451691318,3.783007734844279,0.03251575357847903,0.35090319768929445,0.10238499078267799,0
8.541711169746476,14.4319667870316,4.098305245275839,3.78355756514698,0.028275494267453814,0.2868249046997128,0.1081379606725123,0
8.561156640707988,14.436298100179227,4.100518883289173,3.784028542236628,0.024220400245423313,0.2227414885680625,0.1138382316654966,0
8.580602111669501,14.439383193766306,4.102842456820296,3.7844238596631765,0.020329537265047007,0.1586535802092291,0.11949175886102979,0
8.600047582631014,14.441221990585326,4.10527515411377,3.7847463692329173,0.01658533086593273,0.0945617014179655,0.12510354202202276,0
8.60156678976572,14.441358041852752,4.10546587338654,3.7847711370232,0.016303102925612767,0.08955418095745153,0.12553903822380863,0
8.603085996900425,14.441486471992599,4.105657067635271,3.7847954593305237,0.01600986907456719,0.08453747550647622,0.12585105465650054,0
8.604605204035131,14.441607270460187,4.105848534476079,3.784819318438977,0.01570497393562022,0.07951428076790909,0.12602979866522074,0
8.606124411169837,14.441720432468651,4.106040054322845,3.784842695595501,0.015387734819202251,0.07448805486107148,0.1260645828761238,0
8.607643618304543,14.441825961882643,4.106231386367077,3.7848655709792256,0.015057448850807727,0.0694631908246665,0.12594378113816165,0
8.609162825439249,14.441923867168294,4.10642228269397,3.7848879236874318,0.0147134039167303,0.0644452220991344,0.1256548052332918,0
8.610682032573955,14.442014170491095,4.106612464591421,3.7849097317457976,0.01435489464704099,0.05944106361556805,0.1251841147534861,0
8.61220123970866,14.442096905671262,4.1068016335450155,3.7849309721527713,0.013981244880032346,0.05445928874231329,0.12451727683279373,0
8.613720446843367,14.442172121820041,4.106989464607026,3.7849516209703578,0.013591838212692749,0.04951043800538872,0.12363909729635526,0
8.615239653978072,14.442239889141016,4.107175620329682,3.784971653476029,0.013186158235827382,0.04460734838442337,0.12253384963526277,0
8.616758861112778,14.442300301120953,4.1073597277206915,3.7849910443923966,0.012763839719184182,0.039765481279305744,0.12118563176860947,0
8.618278068247484,14.44235347880077,4.107541393364667,3.7850097682118538,0.012324731124205327,0.03500321250691589,0.11957888061125736,0
8.61979727538219,14.442399573726004,4.10772020098846,3.7850277996313686,0.01186896710969956,0.03034202954453737,0.11769906775454432,0
8.621316482516896,14.442438779453527,4.107895721191857,3.7850451141063832,0.011397046932906486,0.02580656238198769,0.11553358205517075,0
8.622835689651602,14.44247132781961,4.108067504111027,3.7850616885207744,0.010909910842619183,0.021424360624126632,0.11307277305940021,0
8.624354896786308,14.442497495932122,4.108235089343298,3.7850775019512533,0.010409002246910052,0.01722533025533244,0.11031108243606813,0
8.625874103921014,14.44251761123389,4.108398021718328,3.785092536480763,0.009896299962270013,0.013240769893459447,0.10724813503003447,0
8.62739331105572,14.44253204758947,4.108555850216754,3.785106777990808,0.009374304345893692,0.009502006321156862,0.10388961229414045,0
8.628912518190425,14.44254122015611,4.108708149270022,3.7851202168450993,0.00884596575670682,0.006038719322570082,0.10024771228939244,0
8.630431725325131,14.442545591032712,4.108854511944717,3.7851328483752864,0.008314554282069475,0.0028771453830869244,0.09634103498188412,0
8.631950932459837,14.442545649781128,4.108994572565549,3.7851446730993077,0.007783483733731272,3.842195193379799e-05,0.09219382634374809,0
8.633470139594543,14.442541908551718,4.109128011223897,3.7851556966416293,0.007256115423610674,-0.0024626584105506694,0.08783464913155999,0
8.634989346729249,14.442534891804367,4.109254557024888,3.78516592937173,0.006735572699104394,-0.004618286585816055,0.0832946767145183,0
8.636508553863955,14.442525127074148,4.109373974322386,3.7851753858182455,0.006224593275885123,-0.006427601340060391,0.07860588024200257,0
8.63802776099866,14.442513131156893,4.109486089932931,3.785184083940364,0.0057254352747567105,-0.007896053960448391,0.0737993739115293,0
8.639546968133367,14.442499406216934,4.10959076989624,3.7851920443421196,0.005239839633265485,-0.009034349860562493,0.06890410953001869,0
8.641066175268072,14.442484430204711,4.109687919262072,3.7851992895031614,0.004769040952946669,-0.009857182380273197,0.06394600695120502,0
8.642585382402778,14.442468658077296,4.1097774730875605,3.785205843078861,0.004313813139693223,-0.010381953440996612,0.058947510813605254,0
8.644104589537484,14.44245251296389,4.109859399244031,3.785211729300352,0.003874535181284078,-0.010627620346617524,0.053927500346286475,0
8.64562379667219,14.442436387824495,4.109933690773861,3.785216972486024,0.0034512645130497966,-0.010613744580054832,0.04890145239066148,0
8.647143003806896,14.442420648965157,4.110000358433437,3.7852215966622103,0.0030438088926026106,-0.01035976519738452,0.04388175966129927,0
8.648662210941602,14.44240563283869,4.110059421745958,3.785225625282374,0.0026517912348189413,-0.009884483708238445,0.038878123947359434,0
8.650181418076308,14.442391646668732,4.1101109187679885,3.7852290810300566,0.0022747047480928388,-0.009205728545791055,0.033897966681753794,0
8.651700625211014,14.442378977176782,4.110154895991678,3.7852319856898995,0.0019119577421424971,-0.00834016105001218,0.02894682042965563,0
8.65321983234572,14.442367881232276,4.110191401874282,3.785234360071965,0.0015629087114847025,-0.007303186410947629,0.024028681455724756,0
8.654739039480425,14.442358599742095,4.110220489090292,3.7852362239764457,0.0012268929219885986,-0.006108938301949701,0.019146315136354036,0
8.656258246615131,14.442351352758967,4.110242215920296,3.785237596188047,0.0009032419412810599,-0.004770312378071397,0.014301513303532555,0
8.657777453749837,14.44234634149704,4.1102566414849235,3.7852384944914643,0.0005912975241765491,-0.003299029979734652,0.009495306729331465,0
8.659296660884543,14.44234375,4.110263824462889,3.785238935701289,0.00029042111137993784,-0.001705718622534212,0.004728137919549398,0
8.660815868019249,14.44234375,4.11026382446289,3.785238935701289,-3.86718790873924e-21,3.5418543515913965e-17,1.3184105153012194e-17,0
