0,0.0,0.0,0.0,3.995877555502285e-22,1.0032762197401122e-18,-5.898293121509298e-19,0
0.03241578324463175,-0.0007977968116064105,-0.0038572474785754096,1.1027005667723344e-12,3.401739573113275e-11,-0.024611369269887832,-0.11899288224706733,0
0.0648315664892635,-0.0023895742238755346,-0.0115725296919722,3.2996219538366817e-12,6.777319834252098e-11,-0.049105011600570216,-0.23801005069574982,0
0.09724734973389525,-0.004770974255577043,-0.023146740847607816,6.58103527615307e-12,1.0122887292358297e-10,-0.07346421382848392,-0.3570548047007931,0
0.129663132978527,-0.007936972992585112,-0.03858090543212178,1.0935648121878465e-11,1.3433618596990953e-10,-0.09766843247671642,-0.4761311632681503,0
0.16207891622315873,-0.01188171535469551,-0.057876208833730125,1.6350202343717853e-11,1.6703449617403808e-10,-0.12169202676179958,-0.5952440900777434,0
0.19449469946779047,-0.01659829028368387,-0.08103403833929779,2.28089127130308e-11,1.9924584517352513e-10,-0.1455024206385521,-0.7143998135353612,0
0.2269104827124222,-0.02207841684745704,-0.1080560392824026,3.029266482886092e-11,2.3086753076510578e-10,-0.16905735463543944,-0.8336062941678262,0
0.25932626595705394,-0.02831199230021575,-0.13894419400426816,3.877784825581824e-11,2.6176085401751594e-10,-0.19230062731218622,-0.9528739283812181,0
0.29174204920168567,-0.035286416877255755,-0.17370093641291362,4.823456161449732e-11,2.9173174452841855e-10,-0.21515520770873545,-1.072216646636225,0
0.3241578324463174,-0.042985538117918054,-0.21232932447964625,5.862372059266456e-11,3.2049691644059034e-10,-0.23751149810447333,-1.1916537007671886,0
0.35657361569094914,-0.05138790302770446,-0.2548333118596675,6.989209612664397e-11,3.4762001591027675e-10,-0.25920598143122137,-1.311212721878615,0
0.3889893989355809,-0.06046364035042173,-0.3012181994186509,8.196301535250539e-11,3.7237782115509995e-10,-0.2799789613049165,-1.4309352702950522,0
0.4214051821802126,-0.07016830669142649,-0.3514914358995789,9.471680264887932e-11,3.934437327957031e-10,-0.2993808993528512,-1.5508876062482226,0
0.45382096542484435,-0.08042882592815581,-0.4056641369877667,1.0794184952217739e-10,4.0798169802058615e-10,-0.31652849969092023,-1.671182851864589,0
0.4862367486694761,-0.09110293561842742,-0.4637539435939324,1.2117290258286105e-10,4.0816698230293083e-10,-0.3292874218005841,-1.7920223049302746,0
0.5186525319141079,-0.10179686689989298,-0.5257825716569577,1.3277993730118974e-10,3.580673627577846e-10,-0.32989890143211403,-1.9135316766809485,0
0.5510683151587397,-0.10933931258496843,-0.5901738971529547,1.2998153342358526e-10,-8.6328460366215e-11,-0.23267818729398188,-1.9864189308663514,0
0.5834840984033715,-0.1129575620445935,-0.6549044127137336,1.2595277858203755e-10,-1.2428376549623147e-10,-0.11161999178977926,-1.9968826627534548,0
0.6158998816480032,-0.11263823956433172,-0.7197351877368874,1.2700313341049057e-10,3.240255433910949e-11,0.009850833399639948,-1.9999755839276336,0
0.648315664892635,-0.10838251112215391,-0.7844269191162656,1.3213741788504962e-10,1.5838839791865974e-10,0.1312856891367111,-1.9956862029576932,0
0.6807314481372668,-0.10020607759413491,-0.8487408152581768,1.390619360663636e-10,2.1361562635020049e-10,0.2522361858824767,-1.9840302995782553,0
0.7131472313818986,-0.08813911930766016,-0.9124394508724842,1.4601314063789227e-10,2.144388840971414e-10,0.3722556445855176,-1.965050023119699,0
0.7455630146265304,-0.07279079404236133,-0.9739592350422104,1.517194578777916e-10,1.7603514737075408e-10,0.4734830915381544,-1.897834265038616,0
0.7779787978711622,-0.054833730565213123,-1.0325278713945831,1.557215261584086e-10,1.234604849375595e-10,0.5539604994774219,-1.8067938050539514,0
0.810394581115794,-0.034688655827094905,-1.0878212352119965,1.5794947307776008e-10,6.873031641856159e-11,0.6214588302892337,-1.7057543666346822,0
0.8428103643604258,-0.012623255334575312,-1.139675534958453,1.5842745398252918e-10,1.4745319994177696e-11,0.6806992854684084,-1.5996620953172151,0
0.8752261476050576,0.011181139302162801,-1.1879956136875052,1.5719862620193472e-10,-3.790830884742364e-11,0.7343458110234093,-1.4906343112056126,0
0.9076419308496894,0.03659469123191217,-1.2327204961781897,1.543062756155684e-10,-8.922660437578695e-11,0.7839869775152749,-1.3797254921517488,0
0.9400577140943212,0.06352024889244312,-1.2738082554804233,1.4978926607467596e-10,-1.3934598245841596e-10,0.8306310989721348,-1.2675232614975642,0
0.9724734973389529,0.09188254864452094,-1.311228508672257,1.436814018795077e-10,-1.8842252601966e-10,0.8749533996459845,-1.154383742926568,0
1.0048892805835847,0.1216216434343429,-1.3449583328503074,1.3601188013041232e-10,-2.3659836333543493e-10,0.9174263834808595,-1.0405370718178142,0
1.0373050638282164,0.15268869795503126,-1.3749798750221265,1.2680595022329004e-10,-2.8399527779902285e-10,0.9583928386439149,-0.9261396507144771,0
1.069720847072848,0.18504318231561645,-1.4012788699184409,1.1608554675555103e-10,-3.307155281833176e-10,0.9981089803203606,-0.8113021578977238,0
1.1021366303174798,0.21865093148010728,-1.4238436765150189,1.0386985592868277e-10,-3.7684390021430235e-10,1.036771159001885,-0.6961055491483054,0
1.1345524135621115,0.253482762424891,-1.442664626854632,9.017575541516223e-11,-4.2245161009032757e-10,1.0745330656340701,-0.5806106919452549,0
1.1669681968067431,0.2895134630484635,-1.45773357130523,7.501819532054252e-11,-4.675981216467075e-10,1.1115171998671176,-0.46486442535964306,0
1.1993839800513748,0.3267210362906907,-1.4690435520353313,5.84104884455781e-11,-5.123339443739435e-10,1.147822743058017,-0.34890351544949877,0
1.2317997632960065,0.3650861240062231,-1.4765885628738191,4.036456611484448e-11,-5.567016956625966e-10,1.1835311035369134,-0.23275732014701558,0
1.2642155465406382,0.4045915603237802,-1.480363368988037,2.089116529582329e-11,-6.007382204352613e-10,1.2187099111387232,-0.11644963460334244,0
1.2966313297852698,0.44522202014923096,-1.480363368988037,-5.4169400003641804e-21,-6.444750762004247e-10,1.253415952310186,9.496091360558271e-19,1
1.3121517902449533,0.4655785740413303,-1.480363368988037,-1.0667182528034412e-11,-6.872980241033578e-10,1.311594713634835,2.637829147762317e-22,1
1.3276722507046368,0.4868380889212405,-1.480363368988037,-2.237130897708431e-11,-7.541094348811388e-10,1.369773463560219,3.0636159010235725e-22,1
1.3431927111643203,0.5090005645727231,-1.480363368988037,-3.557252367938814e-11,-8.505684408254485e-10,1.4279521995531497,3.489399466951928e-22,1
1.3587131716240037,0.5320660007254805,-1.480363368988037,-5.0854190263719706e-11,-9.846141944334265e-10,1.486130918130485,3.9151828055429767e-22,1
1.3742336320836872,0.5560343970319854,-1.480363368988037,-6.898037962043732e-11,-1.167889859433955e-09,1.5443096143162949,4.340965998128535e-22,1
1.3897540925433707,0.5809057530288682,-1.480363368988037,-9.099605296629624e-11,-1.418493502455915e-09,1.6024882806466587,4.766749160058095e-22,1
1.4052745530030541,0.6066800680674076,-1.480363368988037,-1.184188265402453e-10,-1.766878796272622e-09,1.6606669051792478,5.192535303462888e-22,1
1.4207950134627376,0.6333573411745177,-1.480363368988037,-1.536577638518164e-10,-2.2704826498378724e-09,1.7188454670148532,5.618346141466345e-22,1
1.436315473922421,0.6609375707283758,-1.480363368988037,-2.011261421778523e-10,-3.0584387174646895e-09,1.7770239243546548,6.044095395008073e-22,1
1.4518359343821046,0.6894207534852876,-1.480363368988037,-2.7127662148340125e-10,-4.519870938288356e-09,1.8352021726997707,6.469875306702954e-22,1
1.467356394841788,0.7188068727522832,-1.480363368988037,-4.049035508894857e-10,-8.609727060262392e-09,1.8933793454987922,6.895645994178702e-22,1
1.4828768553014715,0.7488811823555896,-1.480363368988037,-1.3803857252546266e-10,1.7194398349178122e-08,1.9377201908041637,7.220157693899182e-22,1
1.498397315761155,0.7780525489749817,-1.480363368988037,4.5732969899266154e-11,1.1840598674224327e-08,1.8795426008892517,6.794382577287906e-22,1
1.5139177762208385,0.806320962390616,-1.480363368988037,1.8907692426977636e-10,9.235805578820335e-09,1.8213643524987853,6.368602642886402e-22,1
1.529438236680522,0.8336864193591857,-1.480363368988037,3.060519900253535e-10,7.536829647059751e-09,1.7631858951385444,5.942821178902973e-22,1
1.5449586971402054,0.8601489182590054,-1.480363368988037,4.032044215338995e-10,6.259635942955324e-09,1.7050073332913982,5.517047597615166e-22,1
1.5604791575998889,0.8857084581170533,-1.480363368988037,4.842566263696492e-10,5.2222809727371144e-09,1.646828708751413,5.091256258351813e-22,1
1.5759996180595723,0.910365038284644,-1.480363368988037,5.515976763982312e-10,4.33885647897876e-09,1.5886500424159107,4.6654732671358355e-22,1
1.5915200785192558,0.9341186582984284,-1.480363368988037,6.068877410072704e-10,3.5623984890456314e-09,1.5304713462263249,4.239690060951916e-22,1
1.6070405389789393,0.9569693178108931,-1.480363368988037,6.51346600344668e-10,2.864532249346646e-09,1.4722926276460988,3.8139066802344143e-22,1
1.6225609994386228,0.9789170165517502,-1.480363368988037,6.859080661790835e-10,2.22683250884379e-09,1.4141138916508842,3.388127638322602e-22,1
1.6380814598983062,0.9999617543047674,-1.480363368988037,7.113099066426228e-10,1.6366679646371595e-09,1.3559351417236505,2.9623395655178066e-22,1
1.6536019203579897,1.0201035308930284,-1.480363368988037,7.28149694508198e-10,1.085005678558915e-09,1.2977563803974728,2.536555882061094e-22,1
1.6691223808176732,1.0393423461691023,-1.480363368988037,7.369213004662254e-10,5.651640136102695e-10,1.2395776095721622,2.110772238826537e-22,1
1.6846428412773566,1.0576782000082394,-1.480363368988037,7.380397387184564e-10,7.206216119429698e-11,1.1813988307091148,1.6849883604329338e-22,1
1.7001633017370401,1.075111092303512,-1.480363368988037,7.318586632123114e-10,-3.982533860412074e-10,1.123220044956572,1.2592044625559735e-22,1
1.7156837621967236,1.0916410229622486,-1.480363368988037,7.186830490005794e-10,-8.489190617685257e-10,1.065041253233128,8.334205278857334e-23,1
1.731204222656407,1.107267991903362,-1.480363368988037,6.987785969439401e-10,-1.2824653445351388e-09,1.006862456285142,4.076366072162066e-23,1
1.7467246831160905,1.1219919990553042,-1.480363368988037,6.723788696385187e-10,-1.700962937381418e-09,0.9486836547272631,-1.8146544419485755e-24,1
1.762245143575774,1.135813044354478,-1.480363368988037,6.396907901556168e-10,-2.106128253617449e-09,0.8905048490716991,-4.439314044574309e-23,1
1.7777656040354575,1.1487311277439796,-1.480363368988037,6.008989577647913e-10,-2.4993996398616234e-09,0.8323260397497838,-8.697193498220153e-23,1
1.793286064495141,1.1607462491725955,-1.480363368988037,5.561690776845524e-10,-2.8819944601965475e-09,0.7741472271281508,-1.295499528900556e-22,1
1.8088065249548244,1.1718584085939905,-1.480363368988037,5.056507224567645e-10,-3.254952160374523e-09,0.7159684115210574,-1.7212835905908506e-22,1
1.8243269854145079,1.1820676059660409,-1.480363368988037,4.494795785129977e-10,-3.6191674374552953e-09,0.6577895931999085,-2.1470667557540087e-22,1
1.8398474458741914,1.1913738412502863,-1.480363368988037,3.8777929681307334e-10,-3.975415749861614e-09,0.599610772400708,-2.572851815887367e-22,1
1.8553679063338748,1.1997771144114715,-1.480363368988037,3.206630248304636e-10,-4.324373848544917e-09,0.5414319493299595,-2.998631701171189e-22,1
1.8708883667935583,1.207277425417161,-1.480363368988037,2.482346928648004e-10,-4.6666356059546765e-09,0.48325312416938637,-3.4244201313323478e-22,1
1.8864088272532418,1.2138747742374147,-1.480363368988037,1.7059009628147318e-10,-5.0027251646760835e-09,0.42507429707974376,-3.8502043193419494e-22,1
1.9019292877129252,1.2195691608445114,-1.480363368988037,8.781781528340083e-11,-5.333107405407259e-09,0.3668954682039253,-4.275985934076782e-22,1
1.9174497481726087,1.2243605852127075,-1.480363368988037,1.0262339189675245e-20,-5.658196624056321e-09,0.30871663766951474,-2.265195256111522e-19,2
1.936588137766447,1.2291843144117176,-1.4795214921920063,-1.1360144214961665e-10,-5.935788803389333e-09,0.2520446757214843,0.04398890470397535,2
1.955726527360285,1.2329261284905804,-1.4778342780705493,-2.323651137332293e-10,-6.205520446681867e-09,0.19551352847719325,0.08815862553034631,2
1.9748649169541233,1.2355889182036899,-1.4752980398764484,-3.5612960932550386e-10,-6.466818495937181e-09,0.13913342604162252,0.1325209825866213,2
1.9940033065479614,1.2371757920284834,-1.4719088418992916,-4.847213299241591e-10,-6.7190458240509465e-09,0.08291574466141316,0.177088984448707,2
2.0131416961417994,1.237690101473674,-1.4676624735952046,-6.17953063595874e-10,-6.961491141786537e-09,0.026873182963957003,0.2218769914399574,2
2.0322800857356373,1.2371354704285467,-1.462554420042328,-7.556223433055942e-10,-7.193357354848972e-09,-0.028980026893469974,0.2669009076145857,2
2.0514184753294753,1.2355158293852746,-1.456579828054271,-8.975095321696646e-10,-7.413747321507607e-09,-0.0846278646032841,0.3121784076325946,2
2.0705568649233133,1.232835455578495,-1.4497334671350446,-1.0433755763829924e-09,-7.621646488232292e-09,-0.14005221252484118,0.3577292062980436,2
2.089695254517151,1.2290990203639676,-1.4420096842708894,-1.1929593594456838e-09,-7.815902057192855e-09,-0.19523247743532196,0.40357538058698045,2
2.108833644110989,1.2243116455248018,-1.433402351315066,-1.345974554652726e-09,-7.995196770002091e-09,-0.25014512405510375,0.44974175667292443,2
2.127972033704827,1.2184789706833752,-1.4239048034148354,-1.502105868328087e-09,-8.158017073502869e-09,-0.3047630947644888,0.4962563779811526,2
2.147110423298665,1.2116072346584708,-1.4135097665338936,-1.6610045068554338e-09,-8.302612562366732e-09,-0.35905508095188904,0.5431510749623633,2
2.166248812892503,1.2037033745119197,-1.4022092716088963,-1.8222826668847648e-09,-8.426944939059362e-09,-0.4129845987196288,0.5904621634746305,2
2.185387202486341,1.1947751472834138,-1.3899945522055033,-1.9855067792529883e-09,-8.528622894149605e-09,-0.4665088034042443,0.6382313069499475,2
2.204525592080179,1.1848312811768569,-1.3768559216533713,-2.1501891386055822e-09,-8.6048177575787e-09,-0.519576950704293,0.6865065886401892,2
2.223663981674017,1.1738816654836741,-1.3627826244678216,-2.315777413096322e-09,-8.652152730621544e-09,-0.5721283726352773,0.7353438551632792,2
2.242802371267855,1.1619375921951094,-1.347762655312482,-2.481641351265733e-09,-8.666556435675703e-09,-0.6240897767286634,0.7848084125205083,2
2.261940760861693,1.149012067685573,-1.3317825367001515,-2.64705570362408e-09,-8.64306513079168e-09,-0.6753715847491062,0.8349771820653011,2
2.281079150455531,1.1351202210533633,-1.3148270439287018,-2.811177963770785e-09,-8.575552025276581e-09,-0.7258628822501634,0.8859414575251802,2
2.3002175400493687,1.1202798483710734,-1.2968788622834024,-2.9730188907779972e-09,-8.456350093534065e-09,-0.7754243171571733,0.9378104441492595,2
2.3193559296432067,1.1045121521084722,-1.277918157322456,-3.131402785182333e-09,-8.27571669085428e-09,-0.8238779018104213,0.9907158001972909,2
2.3384943192370446,1.0878427673812419,-1.2579220345944444,-3.2849129102450795e-09,-8.021057378849337e-09,-0.870992026026944,1.0448174142326796,2
2.3576327088308826,1.0703032204236385,-1.2368638623387476,-3.4318149285444767e-09,-7.67577720458717e-09,-0.916458872968641,1.1003105643996571,2
2.3767710984247206,1.0519330559849918,-1.2147124355550325,-3.569947098177661e-09,-7.21754385698112e-09,-0.9598594672020563,1.1574342070477501,2
2.3959094880185585,1.0327830283475317,-1.19143098953891,-3.696559222135916e-09,-6.61560996888167e-09,-1.0006080994205475,1.2164788422751458,2
2.4150478776123965,1.0129200252311774,-1.166976174416141,-3.808071548876198e-09,-5.826630487079204e-09,-1.0378617813668856,1.2777885517934138,2
2.4341862672062344,0.9924348546769011,-1.1412974166734937,-3.899709155837761e-09,-4.788156531728154e-09,-1.0703706523391077,1.341740777965702,2
2.4533246568000724,0.9714546832680502,-1.1143379948680812,-3.964951714044227e-09,-3.4089888735059463e-09,-1.096234942129391,1.4086567562660977,2
2.4724630463939103,0.9501622352921286,-1.0860415586028696,-3.9947560768139524e-09,-1.5573077661378665e-09,-1.1125517051223903,1.4785170991775707,2
2.4916014359877483,0.928820711503834,-1.0563730022342845,-3.9767014297248955e-09,9.433733055419993e-10,-1.1151159654084108,1.5502117470812555,2
2.5107398255815863,0.9077869081115102,-1.0253663771157315,-3.8950505384842114e-09,4.266340594323922e-09,-1.0990372669127704,1.6201271777086723,2
2.529878215175424,0.8874646138669324,-0.9931854975490104,-3.734734804088987e-09,8.376657237542258e-09,-1.0618602022356647,1.6814831472070182,2
2.549016604769262,0.8681892425087678,-0.9601163206813998,-3.490036537764493e-09,1.2785728829812323e-08,-1.0071574342059872,1.7278975697232604,2
2.5681549943631,0.8501122750974726,-0.9263771067543694,-3.1675297567371826e-09,1.6851301449873177e-08,-0.9445396292442133,1.762907676301746,2
2.587293383956938,0.833256977385143,-0.8920112775285727,-2.7762919519310663e-09,2.0442566097067402e-08,-0.8807061654631949,1.7956489524521235,2
2.606431773550776,0.8176450372199082,-0.8570630505249541,-2.3235397778759618e-09,2.3656753333182285e-08,-0.815739489923491,1.8260798189034404,2
2.625570163144614,0.8032965425912115,-0.8215773927308323,-1.8151125533775707e-09,2.656583032657379e-08,-0.749723196841838,1.854161115287688,2
2.644708552738452,0.7902299557935129,-0.7855999627308812,-1.2558120859251936e-09,2.9224008080550703e-08,-0.6827422304071699,1.8798567049515291,2
2.66384694233229,0.7784620896822041,-0.7491770519634402,-6.496452909315001e-10,3.167282050059683e-08,-0.6148827754607925,1.9031335206577615,2
2.682985331926128,0.7680081129074097,-0.7123556137084961,-5.646377850329577e-20,3.3944615331524186e-08,-0.5462307433724869,1.9239569805182934,3
2.698973534949789,0.7602123088903299,-0.6813966102781661,5.725454466301705e-10,3.581049377717074e-08,-0.48759726190259667,1.9363654179592944,3
2.71496173797345,0.7533681427734056,-0.6503256053537498,1.1697942957411236e-09,3.735559564394908e-08,-0.42807600746598246,1.9433706763939693,3
2.730949940997111,0.747482089723948,-0.6192412547316097,1.7852386989925808e-09,3.849365687874782e-08,-0.36814975646397424,1.944205397951116,3
2.7469381440207723,0.7425493650595647,-0.5882534624224567,2.4109814870098448e-09,3.91377808437685e-08,-0.30852276876165574,1.9381660505119904,3
2.7629263470444334,0.7385504740810522,-0.5574804094415517,3.0380079294351817e-09,3.921806844037648e-08,-0.25011509877592,1.9247349395903568,3
2.7789145500680945,0.7354489028134248,-0.5270434748343655,3.6567914897609584e-09,3.870250818186189e-08,-0.19399123610309352,1.903712040817992,3
2.7949027530917556,0.733191051336398,-0.4970607374604361,4.258120862333849e-09,3.761081653373527e-08,-0.14121984025879614,1.8753037680068207,3
2.8108909561154167,0.7317088792967206,-0.46764056537662135,4.833878549996665e-09,3.6011406968839026e-08,-0.09270410423761986,1.8401174941471314,3
2.826879159139078,0.7309246522671868,-0.4388769229761058,5.3775094379284316e-09,3.400200043366736e-08,-0.04905035471297852,1.7990541124570385,3
2.842867362162739,0.7307563977212821,-0.4108472673532946,5.884099975311694e-09,3.168527038044118e-08,-0.010523668335707424,1.753146090359883,3
2.8588555651864,0.7311227110303569,-0.38361284513216987,6.3501754832736845e-09,2.915121266039575e-08,0.022911474699984925,1.7034073298180956,3
2.874843768210061,0.731946176358051,-0.3572205459811908,6.773382833703764e-09,2.6469975917336576e-08,0.05150455785903245,1.6507358026365055,3
2.8908319712337223,0.7331553293112147,-0.33170540392334935,7.152180107589147e-09,2.369229812940113e-08,0.07562782079850772,1.595873033391055,3
2.9068201742573834,0.7346854632271778,-0.30709310791959776,7.485586347554209e-09,2.0853265268075482e-08,0.09570393331249573,1.539403519415401,3
2.9228083772810445,0.73647867169336,-0.28340219772270814,7.772999054632395e-09,1.7976548436812235e-08,0.11215822463152325,1.4817744159133148,3
2.9387965803047056,0.7384834590786356,-0.2606458433635046,8.014068029375013e-09,1.5077927990447465e-08,0.1253916642357337,1.4233215781364748,3
2.9547847833283667,0.7406541490040031,-0.23883322456515277,8.208610448829445e-09,1.2167872678667787e-08,0.1357682237431377,1.3642945843301792,3
2.970772986352028,0.7429502309348357,-0.2179705728696142,8.356554299946827e-09,9.253313230527862e-09,0.1436110066550153,1.304877831777815,3
2.986761189375689,0.7453357216065908,-0.19806194785120912,8.45790074464941e-09,6.338826456229087e-09,0.14920317613084266,1.2452071686194108,3
3.00274939239935,0.7477785781952098,-0.17910981127042813,8.512698988764444e-09,3.427417315405614e-09,0.15279119141804734,1.1853825319039335,3
3.018737595423011,0.7502501771894359,-0.16111545075714417,8.521029392019527e-09,5.210343635047686e-10,0.15458891725158533,1.1254773589410667,3
3.0347257984466722,0.7527248606459831,-0.14407929258999985,8.482992046092972e-09,-2.3790882426090057e-09,0.1547818383895079,1.065545523904857,3
3.0507140014703333,0.7551795455294217,-0.1280011330785582,8.398699005125272e-09,-5.2722022973985285e-09,0.15353100531721955,1.0056264289143313,3
3.0667022044939944,0.7575933893740197,-0.11288031022878453,8.268268978311188e-09,-8.15789155307611e-09,0.15097655696676496,0.9457487390794437,3
3.0826904075176556,0.7599475048973336,-0.09871583151149999,8.091823698440509e-09,-1.1035966895523836e-08,0.1472407824588193,0.8859331280896631,3
3.0986786105413167,0.7622247165012905,-0.08550646925260708,7.869485443009433e-09,-1.3906394255476677e-08,0.1424307410024105,0.8261943033463237,3
3.1146668135649778,0.764409352298236,-0.07325083204027827,7.601375351626625e-09,-1.6769244803384785e-08,0.13664048384374772,0.766542506008482,3
3.130655016588639,0.7664870661246925,-0.061947418285368094,7.287612299770597e-09,-1.9624660151799576e-08,0.12995292988096163,0.7069846272393531,3
3.1466432196123,0.7684446848191318,-0.05159465643850947,6.928312163391584e-09,-2.2472827909567934e-08,0.12244144582990511,0.6475250427791835,3
3.162631422635961,0.7702700767812507,-0.04219093518482353,6.523587358307062e-09,-2.531396449455722e-08,0.11417117729975704,0.5881662398062545,3
3.178619625659622,0.7719520384776293,-0.03373462607780908,6.0735465698571685e-09,-2.814830323363822e-08,0.10520017126935555,0.5289092898369785,3
3.1946078286832833,0.7734801961104223,-0.026224100446641252,5.578294621882634e-09,-3.097608564860288e-08,0.09558032447621194,0.4697542069019962,3
3.2105960317069444,0.7748449201292265,-0.019657741950863894,5.037932440138907e-09,-3.379755554954689e-08,0.08535818670707074,0.41070021978453286,3
3.2265842347306055,0.7760372506521898,-0.014033955817009058,4.452557079996001e-09,-3.6612955014048466e-08,0.07457564312877377,0.3517459795532566,3
3.2425724377542666,0.7770488321822246,-0.009351175539905832,3.822261804460343e-09,-3.942252123972133e-08,0.06327049566093199,0.29288971813614806,3
3.2585606407779277,0.7778718562685287,-0.005607867643697695,3.147136188164032e-09,-4.222648492005552e-08,0.051476959923896136,0.23412936967767897,3
3.274548843801589,0.7784990109819652,-0.002802534956859226,2.4272662415767694e-09,-4.502506897956633e-08,0.039226091419295256,0.17546266348298314,3
3.29053704682525,0.7789234362533168,-0.0009337187493878574,1.6627345499587118e-09,-4.781848765180851e-08,0.026546152230087224,0.11688719518420691,3
3.306525249848911,0.7791386842727661,0.0,8.536204147032741e-10,-5.060694632989288e-08,0.013462927580482264,0.05840048115517057,4
3.322513452872572,0.7791386842727661,0.0,1.3171634961732355e-19,-5.339064122549882e-08,3.9463813690159443e-19,-5.0898077161662725e-20,4
3.3430850977836233,0.7807247884663666,-2.7827037692773615e-05,-1.1938842717167007e-09,-5.803543069101329e-08,0.07710147635051577,-0.0013526889956183205,4
3.3636567426946744,0.7838969968107219,-8.34811123269219e-05,-2.4840685425549907e-09,-6.271663141410144e-08,0.15420295061826175,-0.00270537795469597,4
3.3842283876057255,0.7886553092580892,-0.0001669622230648926,-3.8713778944956135e-09,-6.743793987361414e-08,0.23130442256520714,-0.004058066873056871,4
3.4048000325167767,0.7949997257549386,-0.0002782703689661048,-5.356725438677542e-09,-7.220363521333548e-08,0.3084058919100429,-0.0054107557457656625,4
3.4253716774278278,0.8029302462408339,-0.00041740554897273796,-6.941126894063309e-09,-7.701870526111876e-08,0.3855073583170131,-0.006763444566931752,4
3.445943322338879,0.8124468706470016,-0.0005843677618768695,-8.625718460072512e-09,-8.188900664425341e-08,0.46260882138089504,-0.008116133329445803,4
3.46651496724993,0.8235495988944805,-0.0007791570062938291,-1.0411778917235765e-08,-8.68214703160741e-08,0.5397102806064167,-0.00946882202461863,4
3.487086612160981,0.8362384308916759,-0.0010017732806151258,-1.2300757175240829e-08,-9.182436635696286e-08,0.6168117353794405,-0.010821510641675643,4
3.5076582570720323,0.8505133665310622,-0.001252216582956045,-1.4294306864161924e-08,-9.690764634770774e-08,0.6939131849256196,-0.01217419916703149,4
3.5282299019830834,0.8663744056846343,-0.0015304869110703834,-1.6394329971866453e-08,-1.0208338310961246e-07,0.7710146282493651,-0.013526887583219287,4
3.5488015468941345,0.8838215481974379,-0.0018365842622385387,-1.8603031821662277e-08,-1.0736632196039315e-07,0.8481160640406916,-0.014879575867256307,4
3.5693731918051856,0.9028547938780589,-0.0021705086331023082,-2.092298927809933e-08,-1.1277452374269394e-07,0.9252174905272667,-0.01623226398804827,4
3.5899448367162368,0.9234741424840389,-0.002532260019409982,-2.3357230977166294e-08,-1.1832994933713748e-07,1.0023189052278254,-0.017584951902063196,4
3.610516481627288,0.9456795936983191,-0.002921838415596234,-2.590931586872515e-08,-1.2405837761919856e-07,1.0794203045159045,-0.018937639545677443,4
3.631088126538339,0.9694711470885444,-0.003339243814078685,-2.8583349107388787e-08,-1.299863599294161e-07,1.1565216827869724,-0.02029032682056361,4
3.65165977144939,0.9948488020302029,-0.0037844762038981017,-3.1383685549608757e-08,-1.3612603442384542e-07,1.2336230307001488,-0.021643013562842775,4
3.6722314163604413,1.0218125575419195,-0.0042575355678389215,-3.431319322744227e-08,-1.4240512567650972e-07,1.310724330908099,-0.022995699468168648,4
3.6928030612714924,1.0503624118572215,-0.004758421874908159,-3.7363610583879356e-08,-1.4828261768568783e-07,1.3878255452467403,-0.02434838386698032,4
3.7133747061825435,1.0804983608543495,-0.005287135052793879,-4.043875885199237e-08,-1.4948480213408949e-07,1.4649265592241583,-0.025701064750600907,4
3.7339463510935946,1.112220383423605,-0.00584367473114078,-4.1858051638964184e-08,-6.8992673835526e-08,1.5420265470465242,-0.02705372763108184,4
3.7545179960046458,1.1423563324207326,-0.0063723879090265,-4.0974071002059375e-08,4.297082904767542e-08,1.4649265592241598,-0.025701064750600935,4
3.775089640915697,1.1709061867360346,-0.006873274216095737,-3.972499461629265e-08,6.071835242963453e-08,1.3878255452467412,-0.02434838386698034,4
3.795661285826748,1.1978699422477512,-0.007346333580035669,-3.8303853401573793e-08,6.908252699280029e-08,1.3107243309080996,-0.022995699468168658,4
3.816232930737799,1.2232475971894092,-0.007791565969855974,-3.6758971937577863e-08,7.509761474690517e-08,1.2336230307001494,-0.02164301356284279,4
3.8368045756488502,1.2470391505796345,-0.008208971368338425,-3.5108958362020836e-08,8.02081497630035e-08,1.156521682786973,-0.020290326820563618,4
3.8573762205599014,1.2692446017939143,-0.008598549764524677,-3.336280528727188e-08,8.488154849678871e-08,1.079420304515905,-0.018937639545677454,4
3.8779478654709525,1.2898639503998952,-0.00896030115083235,-3.152550725469264e-08,8.93121595785009e-08,1.0023189052278256,-0.017584951902063203,4
3.8985195103820036,1.3088971960805162,-0.00929422552169612,-2.9600110485602684e-08,9.359469201425233e-08,0.925217490527267,-0.016232263988048275,4
3.9190911552930547,1.3263443385933198,-0.009600322872864275,-2.758860194021804e-08,9.778063712178353e-08,0.848116064040692,-0.014879575867256313,4
3.939662800204106,1.3422053777468919,-0.009878593200978614,-2.5492344721309013e-08,1.019003209858125e-07,0.7710146282493654,-0.013526887583219292,4
3.960234445115157,1.3564803133862786,-0.010129036503318645,-2.3312311399762236e-08,1.059727275955057e-07,0.6939131849256199,-0.012174199167031495,4
3.980806090026208,1.3691691453834736,-0.01035165277764083,-2.1049218047890193e-08,1.100103255004429e-07,0.6168117353794409,-0.01082151064167565,4
4.001377734937259,1.380271873630953,-0.01054644202205779,-1.870360561039651e-08,1.1402162775876217e-07,0.539710280606417,-0.009468822024618637,4
4.02194937984831,1.3897884980371207,-0.01071340423496192,-1.6275891572547303e-08,1.1801263580779201e-07,0.46260882138089543,-0.008116133329445809,4
4.0425210247593615,1.397719018523016,-0.010852539414967666,-1.3766404021942276e-08,1.2198769532173514e-07,0.38550735831701344,-0.006763444566931758,4
4.063092669670413,1.4040634350198653,-0.010963847560869766,-1.1175404820336767e-08,1.2595002557862006e-07,0.3084058919100432,-0.005410755745765668,4
4.083664314581464,1.4088217474672327,-0.011047328671607737,-8.50310579727954e-09,1.299020586740277e-07,0.23130442256520736,-0.004058066873056875,4
4.104235959492515,1.411993955811588,-0.011102982746241885,-5.749680336612729e-09,1.338456634768251e-07,0.15420295061826195,-0.0027053779546959734,4
4.124807604403566,1.4135800600051884,-0.011130809783934659,-2.915271837198754e-09,1.3778229757486747e-07,0.07710147635051598,-0.0013526889956183242,5
4.145379249314617,1.413580060005188,-0.011130809783934659,-1.3924400175905256e-19,1.4171311293052605e-07,1.9969674141714312e-16,4.455352235218291e-17,5
4.16416334158651,1.4125781208676673,-0.010267393007429071,2.7274651923746355e-09,1.452007499986839e-07,-0.0533397687264264,0.0459653181005636,5
4.182947433858402,1.4105742491295659,-0.008540551909802296,5.5284315847073365e-09,1.4911369752837572e-07,-0.10667918944879803,0.09193103785028627,5
4.2017315261302945,1.4075684518308362,-0.005950278366006145,8.411507575063963e-09,1.5348492633697601e-07,-0.1600182353885041,0.1378971901495586,5
4.220515618402187,1.403560736574839,-0.00249656360087247,1.138599578278278e-08,1.5835139435110983e-07,-0.21335687655160607,0.18386380960823986,5
4.2392997106740795,1.3985511115988172,0.0018206018921773648,1.4461980519337648e-08,1.6375471615036013e-07,-0.266695079192491,0.22983093516430006,5
4.258083802945972,1.3925395858566314,0.007001228446585905,1.7650430605320195e-08,1.6974197993403352e-07,-0.32003280516079524,0.27579861083707286,5
4.2768678952178645,1.3855261691165626,0.013045327335477808,2.096332103034563e-08,1.7636675065310073e-07,-0.3733700110997165,0.3217668866518756,5
4.295651987489757,1.3775108720777558,0.019952910905981724,2.4413777993330775e-08,1.836903147001647e-07,-0.4267066474531885,0.36773581978502395,5
4.3144360797616494,1.3684937065099896,0.027723992740447123,2.801625322088904e-08,1.917832385749264e-07,-0.48004265722447687,0.4137054759954565,5
4.333220172033542,1.3584746854229044,0.0363585878516437,3.178673533050374e-08,2.0072734101976574e-07,-0.5333779744075509,0.4596759314336245,5
4.352004264305434,1.3474538232729016,0.04585671292138116,3.574300862842219e-08,2.1061821827985954e-07,-0.5867125219819269,0.5056472749536299,5
4.370788356577327,1.335431136218804,0.056218386595368486,3.9904973430435244e-08,2.2156851936834744e-07,-0.6400462093165616,0.5516196111065848,5
4.389572448849219,1.3224066424415581,0.06744362985190122,4.429504731234675e-08,2.337122544825028e-07,-0.6933789287606172,0.5975930640712277,5
4.408356541121112,1.3083803625493742,0.07953246646904333,4.893867453959394e-08,2.472105540867551e-07,-0.746710551094915,0.643567782897652,5
4.427140633393004,1.293352320098914,0.09248492362558203,5.386498269747545e-08,2.6225950536283114e-07,-0.8000409193542247,0.6895439486285224,5
4.445924725664897,1.2773225422772927,0.10630103268734103,5.910764370350803e-08,2.791010328058676e-07,-0.8533698402657177,0.7355217841671527,5
4.464708817936789,1.2602910608121665,0.1209808302563502,6.470602519251978e-08,2.980383566624902e-07,-0.9066970721067001,0.7815015682710297,5
4.483492910208682,1.2422579132140261,0.1365243596028165,7.07067654695166e-08,3.194585422109938e-07,-0.9600223070191434,0.8274836559308028,5
4.502277002480574,1.22322314451764,0.15293167267217367,7.71659855932974e-08,3.4386641839424513e-07,-1.0133451444365718,0.8734685089854657,5
4.521061094752467,1.2031868098016232,0.17020283298844063,8.41524949523609e-08,3.7193746790617623e-07,-1.0666650496594117,0.9194567438388146,5
4.539845187024359,1.1821489779759657,0.18833792001778438,9.175261408622003e-08,4.0460392373271055e-07,-1.1199812863531353,0.9654492091954829,5
4.558629279296252,1.1601097377512075,0.20733703604375542,1.0007777125139984e-07,4.4320243370687227e-07,-1.1732928004050955,1.0114471197739283,5
4.577413371568144,1.137069207627416,0.2272003176687205,1.0927717606440695e-07,4.897443464942454e-07,-1.2265980059241273,1.0574523025890605,5
4.596197463840037,1.113027553980383,0.24792795662945633,1.1956060094052648e-07,5.474538156208417e-07,-1.279894354172523,1.103467692805787,5
4.614981556111929,1.0879850275630893,0.26952024178134426,1.3124373836899284e-07,6.219696587832034e-07,-1.333177353201139,1.149498460682009,5
4.633765648383822,1.0619420499743946,0.29197765846223067,1.4485355308678896e-07,7.245392783817979e-07,-1.3864379077674747,1.195555066263375,5
4.652549740655714,1.0348994804316143,0.31530119453984895,1.6145077906643084e-07,8.835786989221186e-07,-1.4396527205814784,1.2416642624994298,5
4.671333832927607,1.0068600131163037,0.3394939365541578,1.8445829473019384e-07,1.2248403043666287e-06,-1.49272410450595,1.2879377754266481,5
4.690117925199499,0.9784347136879004,0.3640575363253715,4.064326889515673e-07,1.1817147642206414e-05,-1.5132644695898965,1.3076809576683743,5
4.708902017471392,0.9500229792004826,0.3886368256731121,7.535477320410404e-07,1.847920221728571e-05,-1.5125423191196146,1.3085162163753188,5
4.727686109743284,0.9216254935405059,0.41323257590357,1.0727321284963712e-06,1.6992271526201804e-05,-1.5117837609028872,1.30939253675267,5
4.7464702020151766,0.8933905442958321,0.43801474211675817,1.2566115591961674e-06,9.78910397517865e-06,-1.5031308852167842,1.3193166778840777,5
4.765254294287069,0.8659492385689491,0.46367293496765605,1.1459302032621773e-06,-5.8922917781534476e-06,-1.4608800536991382,1.3659533013114284,5
4.7840383865589615,0.8394128996868231,0.49026599491809186,9.42970276199475e-07,-1.0804883139302246e-05,-1.4127027539042336,1.415722387089211,5
4.802822478830854,0.8138248046497139,0.5177726760813952,7.428311438544286e-07,-1.0654713754376517e-05,-1.362221536537254,1.4643604154614254,5
4.8216065711027465,0.789219180816398,0.546161606819628,5.654862965039549e-07,-9.441224977714447e-06,-1.3099181731606966,1.511328326508641,5
4.840390663374639,0.7656274451753262,0.5753985375323607,4.0775952671962804e-07,-8.39682649518567e-06,-1.2559422781549123,1.556472907477761,5
4.8591747556465315,0.7430792772852852,0.6054476344755244,2.6352977118516637e-07,-7.678292217406051e-06,-1.2003863462563327,1.5997098240492393,5
4.877958847918424,0.7216028135223898,0.636271806800913,1.284557366264874e-07,-7.1908733488020076e-06,-1.1433325311645393,1.640972152353718,5
4.896742940190316,0.7012246847152697,0.6678328514099112,5.6022454260380155e-19,-6.83853808859432e-06,-1.0848609830120788,1.6802006800324545,6
4.914971904516918,0.6825066104507873,0.6991188526819547,-1.1979787978194218e-07,-6.571842290366708e-06,-1.0268314715585987,1.7162796915672094,6
4.933200868843519,0.6648682058290296,0.7310260127338504,-2.3199062564989436e-07,-6.15464174232054e-06,-0.9676032223075551,1.7503550657202391,6
4.9514298331701205,0.6483300598303776,0.7635170869935379,-3.339367474155899e-07,-5.5925349829702435e-06,-0.9072455078815785,1.7823872863846053,6
4.969658797496722,0.6329114774681526,0.7965541494541117,-4.2334152493166943e-07,-4.904545037043469e-06,-0.8458287638269815,1.8123389715765417,6
4.987887761823323,0.6186304612653459,0.8300986278114157,-4.984339796537902e-07,-4.1194031912465935e-06,-0.7834244418349363,1.8401746668820087,6
5.006116726149925,0.6055948850639434,0.8636633964204545,-5.589221268611604e-07,-3.318243721197065e-06,-0.7151024033971191,1.8412877444753861,6
5.024345690476526,0.5937198116694953,0.8967756452456728,-6.083364566502814e-07,-2.7107589998577127e-06,-0.6514398284882192,1.8164635265047635,6
5.042574654803127,0.5828902706236634,0.9292108350890942,-6.493739975904402e-07,-2.2512272014228736e-06,-0.5940842744434186,1.7793215929495296,6
5.060803619129729,0.5730213138607589,0.9608530380314813,-6.836539976371715e-07,-1.8805237047368675e-06,-0.5413887802993568,1.7358201143779066,6
5.07903258345633,0.5640528123157185,0.9916345824084063,-7.121888970153043e-07,-1.5653604021293894e-06,-0.4919918314804415,1.6886063204375,6
5.0972615477829315,0.555941083848793,1.0215119728672937,-7.356553247401376e-07,-1.287315445757881e-06,-0.4449911866405777,1.6390064692424842,6
5.115490512109533,0.5486533007000132,1.0504551953911285,-7.545323114324347e-07,-1.0355490320314496e-06,-0.39979139890813487,1.5877601165524793,6
5.133719476436134,0.54216402058481,1.0784424108872868,-7.691749388069351e-07,-8.03261602689657e-07,-0.35598731770695285,1.5353157203405305,6
5.151948440762736,0.5364530027366641,1.1054570704257412,-7.798561539483538e-07,-5.859474366271456e-07,-0.3132935994510887,1.4819634870331966,6
5.170177405089337,0.5315037878857627,1.131486228053686,-7.867919549625111e-07,-3.8048244092482746e-07,-0.27150279973286423,1.4279010678603674,6
5.188406369415938,0.5273027432622124,1.1565194943196007,-7.901573531319786e-07,-1.8461817062796016e-07,-0.23045986312135572,1.3732687067351566,6
5.20663533374254,0.523838399989693,1.1805483553847376,-7.900969344230641e-07,3.314438694818625e-09,-0.1900460832800068,1.318169295557236,6
5.224864298069141,0.5211009803994693,1.203565712133634,-7.867321065831095e-07,1.8458689201406603e-07,-0.15016868436301448,1.2626804428656038,6
5.2430932623957425,0.5190820524791606,1.225565557689401,-7.801662282006397e-07,3.601893255944309e-07,-0.11075384668811024,1.2068620664126344,6
5.261322226722344,0.5177742717703429,1.246542745335776,-7.704883362624133e-07,5.309073903031206e-07,-0.07174190949030261,1.1507613526765639,6
5.279551191048945,0.5171711848947071,1.2664928174216001,-7.577759179205201e-07,6.973746840973272e-07,-0.03308399011778508,1.0944161022197405,6
5.297780155375547,0.5172670774622681,1.2854118765575056,-7.420970130544003e-07,8.601094631100624e-07,0.005260450667384391,1.0378570497443682,6
5.316009119702148,0.518056854565168,1.3032964868609893,-7.235118373740259e-07,1.019540943683858e-06,0.04332539626204876,0.9811095124796744,6
5.334238084028749,0.5195359456138902,1.320143597009392,-7.020740549162687e-07,1.176028535871803e-06,0.08113960959154967,0.9241945865138632,6
5.352467048355351,0.5217002276433105,1.3359504794207906,-6.778317895018945e-07,1.3298761634709624e-06,0.11872764632375793,0.8671300315360941,6
5.370696012681952,0.5245459628311715,1.350714681563944,-6.508284386562019e-07,1.4813431004224164e-06,0.15611063453042096,0.8099309362081696,6
5.388924977008553,0.528069747093165,1.364433986528046,-6.211033358706506e-07,1.630652290483603e-06,0.19330688232507012,0.7526102261376796,6
5.407153941335155,0.5322684674113756,1.3771063807582804,-5.886922948886628e-07,1.7779968191167963e-06,0.23033235695574322,0.6951790569768426,6
5.425382905661756,0.5371392661218746,1.3887300274051348,-5.536280611219637e-07,1.9235450080990115e-06,0.26720106656795295,0.6376471223814965,6
5.4436118699883576,0.5426795108017628,1.3993032441210183,-5.159406891605988e-07,2.067444469856622e-06,0.30392536737819265,0.5800228979795377,6
5.461840834314959,0.5488867687020376,1.408824484416189,-4.756578608948494e-07,2.2098253653631095e-06,0.3405162130475393,0.5223138366272232,6
5.48006979864156,0.5557587849014234,1.41729232189011,-4.32805155462405e-07,2.350803046897045e-06,0.37698335880532485,0.4645265261483861,6
5.498298762968162,0.5632934635292735,1.4247054368058238,-3.874062798026119e-07,2.4904802190495045e-06,0.41333552981140764,0.40666681786710723,6
5.516527727294763,0.5714888515378065,1.4310626045887496,-3.394832667402962e-07,2.6289487199783584e-06,0.4495805610071403,0.34873993217748966,6
5.534756691621364,0.5803431246059332,1.4363626859177847,-2.890566461182748e-07,2.766290999896838e-06,0.48572551404939035,0.29075054589355276,6
5.552985655947966,0.5898545748363251,1.440604618142923,-2.361455934082181e-07,2.9025813565603742e-06,0.5217767756839758,0.23270286501943296,6
5.571214620274567,0.60002159996976,1.4437874078150514,-1.8076805938069236e-07,3.0378869743175206e-06,0.5577401409798811,0.1746006857604002,6
5.5894435846011685,0.6108426938901412,1.4459101241537375,-1.2294088375961837e-07,3.1722688026887744e-06,0.5936208841328054,0.11644744597955818,6
5.60767254892777,0.622316438232974,1.446971893310546,-6.267989526380707e-08,3.3057823031409683e-06,0.6294238189983627,0.058246268838151705,6
5.625901513254371,0.6344414949417128,1.4469718933105469,-2.0318610599725187e-18,3.4384780879860446e-06,0.6651533510901112,4.626799835741039e-17,7
5.641653357497695,0.6458489728918528,1.4469718933105469,5.833792900373962e-08,3.703562614171664e-06,0.7241995142863377,1.6000239214757375e-19,7
5.657405201741019,0.6581865367547346,1.4469718933105469,1.2086904048305017e-07,3.9697653137991e-06,0.7832456741121145,1.6004563290939363e-19,7
5.673157045984343,0.6714541864710175,1.4469718933105469,1.8761275491032588e-07,4.237200914227257e-06,0.8422918301706759,1.6008884618407643e-19,7
5.688908890227667,0.6856519219739385,1.4469718933105469,2.5859058459751095e-07,4.506002214881319e-06,0.9013379819908145,1.6013205938049232e-19,7
5.704660734470991,0.7007797431878271,1.4469718933105469,3.3382647762614687e-07,4.776323849565169e-06,0.9603841290070161,1.6017527252651997e-19,7
5.720412578714315,0.7168376500261937,1.4469718933105469,4.133472349553664e-07,5.048346932000483e-06,1.019430270532495,1.6021848560023145e-19,7
5.736164422957639,0.7338256423892333,1.4469718933105469,4.971830167710992e-07,5.322284721261817e-06,1.0784764057218492,1.6026169886218053e-19,7
5.751916267200963,0.7517437201604911,1.4469718933105469,5.853679543536557e-07,5.598389320556987e-06,1.1375225335181443,1.6030491196546297e-19,7
5.767668111444287,0.7705918832023193,1.4469718933105469,6.779408775602715e-07,5.876959016976864e-06,1.196568652575916,1.6034812517239644e-19,7
5.783419955687611,0.790370131349512,1.4469718933105469,7.749461435863407e-07,6.1583447110980865e-06,1.2556147611456419,1.603913383142516e-19,7
5.799171799930935,0.8110784644001079,1.4469718933105469,8.764344776480452e-07,6.442950673745521e-06,1.3146608568939486,1.604345514402475e-19,7
5.814923644174259,0.83271688210159,1.4469718933105469,9.824635189754994e-07,6.731215837626921e-06,1.373706936611304,1.6047776462706698e-19,7
5.830675488417583,0.8552853841291865,1.4469718933105469,1.0930971302181323e-06,7.023535292804017e-06,1.4327529957106035,1.6052097765391088e-19,7
5.846427332660907,0.8787839700496782,1.4469718933105469,1.2084005751219283e-06,7.319997985028895e-06,1.4917990273071722,1.6056419073219977e-19,7
5.862179176904231,0.903212639256195,1.4469718933105469,1.3284221322137158e-06,7.619525609722332e-06,1.550845020376799,1.606074039794065e-19,7
5.877931021147555,0.9285713908376283,1.4469718933105469,1.4531269592599461e-06,7.916841267771435e-06,1.6098909556050784,1.6065061694976946e-19,7
5.893682865390879,0.9548602232732963,1.4469718933105469,1.5821372706206307e-06,8.190173305206507e-06,1.668936794293384,1.6069382974924613e-19,7
5.909434709634203,0.9820791335134058,1.4469718933105469,1.713478580018204e-06,8.338155725609407e-06,1.7279824393667462,1.6073704249126414e-19,7
5.925186553877527,1.0102281119721224,1.4469718933105469,1.834669264302378e-06,7.693746707906452e-06,1.7870274758869134,1.6078025473710288e-19,7
5.940938398120851,1.0382061416758166,1.4469718933105469,1.8167267466853756e-06,-1.1390733244359537e-06,1.7761748574646543,1.6077231274315706e-19,7
5.956690242364175,1.0652541026265498,1.4469718933105469,1.7740774216510429e-06,-2.707576329257983e-06,1.7171297870212046,1.6072910529369106e-19,7
5.972442086607499,1.0913719856770077,1.4469718933105478,1.7213962851550965e-06,-3.34444247969801e-06,1.658084135863894,1.6068588171964045e-19,7
5.988193930850823,1.1165597878311035,1.4469718933105478,1.6621973531459772e-06,-3.7582225428598796e-06,1.599038294501133,1.606426741095863e-19,7
6.003945775094147,1.1408175075866716,1.4469718933105478,1.5977247148321093e-06,-4.093022018204642e-06,1.5399923577738932,1.605994561756519e-19,7
6.019697619337471,1.1641451440411275,1.4469718933105478,1.528533155465199e-06,-4.392601131190508e-06,1.4809463637464926,1.6055624816484122e-19,7
6.035449463580795,1.1865426965922206,1.4469718933105478,1.4549111655707418e-06,-4.6738655135654275e-06,1.421900331485383,1.605130350255279e-19,7
6.051201307824119,1.2080101648095134,1.4469718933105478,1.3770260918730813e-06,-4.944505940044352e-06,1.3628542718981036,1.6046982409048916e-19,7
6.066953152067443,1.2285475483700363,1.4469718933105478,1.294983218279801e-06,-5.208462448763534e-06,1.303808191807264,1.60426607788445e-19,7
6.082704996310767,1.248154847022509,1.4469718933105478,1.208853033110353e-06,-5.467944026776267e-06,1.2447620957639258,1.6038339573556554e-19,7
6.098456840554091,1.2668320605658532,1.4469718933105478,1.1186850898838617e-06,-5.7242797134787955e-06,1.1857159869552631,1.6034018259051742e-19,7
6.114208684797415,1.284579188835517,1.4469718933105478,1.0245156140783887e-06,-5.978315635559583e-06,1.1266698677000466,1.602969698892991e-19,7
6.129960529040739,1.301396231694349,1.4469718933105478,9.263719453408649e-07,-6.230615907392146e-06,1.0676237397378585,1.602537566321172e-19,7
6.145712373284063,1.3172831890262824,1.4469718933105478,8.242752682949034e-07,-6.4815712788521635e-06,1.0085776044071606,1.6021054320672488e-19,7
6.161464217527387,1.3322400607318174,1.4469718933105478,7.18242365077935e-07,-6.731461240524689e-06,0.9495314627598161,1.6016733005351465e-19,7
6.177216061770711,1.3462668467247134,1.4469718933105478,6.082867818908774e-07,-6.980491224936305e-06,0.8904853156374605,1.6012411672004036e-19,7
6.192967906014035,1.3593635469295013,1.4469718933105478,4.944196301832507e-07,-7.228815801611713e-06,0.8314391637240258,1.6008090362195058e-19,7
6.208719750257359,1.3715301612795865,1.4469718933105478,3.7665015202581126e-07,-7.476553647558011e-06,0.7723930075828239,1.6003769045521952e-19,7
6.224471594500683,1.3827666897157687,1.4469718933105478,2.5498612862741013e-07,-7.723797505206192e-06,0.7133468476833357,1.599944768560825e-19,7
6.240223438744007,1.3930731321850764,1.4469718933105478,1.2943418171432407e-07,-7.970620984005625e-06,0.6543006844209538,1.599511868111363e-19,7
6.255975282987331,1.4024494886398324,1.4469718933105478,2.6247003767005884e-18,-8.21708331587045e-06,0.5952545181317932,3.063855096789084e-16,8
6.292115348646855,1.4210521582178748,1.443034487670352,-3.0695653636423256e-07,-8.493524123261517e-06,0.5147381234251245,-0.10894849160735857,8
6.32825541430638,1.43674214839207,1.4351617559050496,-6.235122017431402e-07,-8.75913316604732e-06,0.4341439310600702,-0.21783944277991482,8
6.364395479965904,1.449516275697298,1.4233560563117154,-9.492231755048701e-07,-9.01246163837524e-06,0.35346165182906775,-0.32666513958644117,8
6.400535545625429,1.4593709058324458,1.4076200860468528,-1.2835820201263677e-06,-9.251749253101731e-06,0.27267881104548924,-0.4354162057453684,8
6.4366756112849535,1.4663018506074739,1.3879569597982293,-1.6260029496754882e-06,-9.474828100274536e-06,0.19178008253552076,-0.5440810881160315,8
6.472815676944478,1.470304230897698,1.3643703148463944,-1.9758021716166147e-06,-9.678986325325702e-06,0.11074634805381586,-0.6526453264927499,8
6.508955742604003,1.4713722903327633,1.3368644545905362,-2.3321710554747607e-06,-9.860769647378351e-06,0.029553334106227385,-0.7610904892919247,8
6.545095808263527,1.4694991354029585,1.3054445499084188,-2.694138529868919e-06,-1.0015683306920804e-05,-0.051830424091170814,-0.869392573276284,8
6.581235873923052,1.4646763616891731,1.2701169307306284,-3.0605167027685502e-06,-1.0137727850361873e-05,-0.13344673358466103,-0.9775195073136006,8
6.617375939582576,1.4568934962003297,1.2308895246949572,-3.4298191818502015e-06,-1.0218643738498843e-05,-0.21535283201145558,-1.0854270826516892,8
6.653516005242101,1.446137126930609,1.1877725489327844,-3.800132524703062e-06,-1.0246614443767974e-05,-0.29763004226597706,-1.1930519487253564,8
6.689656070901625,1.4323894647622812,1.1407796681689053,-4.1689016308233e-06,-1.0203885209126093e-05,-0.38039947956559284,-1.300298710206603,8
6.72579613656115,1.4156257853932868,1.089930091071782,-4.532542816347554e-06,-1.0061995008586752e-05,-0.4638530413018597,-1.4070139655017941,8
6.761936202220674,1.3958093995662924,1.0352527940201135,-4.885669293713748e-06,-9.771051744617148e-06,-0.5483217992383719,-1.5129274408840396,8
6.798076267880199,1.3728802267215925,0.9767964762099401,-5.219288989098505e-06,-9.23129670980424e-06,-0.6344529935487337,-1.6174934036054043,8
6.8342163335397235,1.3467221598268946,0.9146598523086418,-5.5155067369511365e-06,-8.196380276052713e-06,-0.7237968835245209,-1.719327919507864,8
6.870356399199248,1.317019715529078,0.8491456983026504,-5.7246441392511185e-06,-5.7868565204737145e-06,-0.8218702361439965,-1.8127845871441235,8
6.9064964648587726,1.2827864157454383,0.7854864658803766,-5.927205492299474e-06,-5.6048954418862304e-06,-0.9472395569557653,-1.7614586819510887,8
6.942636530518297,1.244327582734936,0.7242873247846724,-6.937719315336423e-06,-2.7961036688323636e-05,-1.0641605738313904,-1.6933876565758024,8
6.978776596177822,1.202191313170185,0.6655595502846037,-1.0326600727942682e-05,-9.377075498137969e-05,-1.1659156893005411,-1.6250046431380567,8
7.014916661837346,1.1600148135312223,0.6068606610461247,-3.0654668090263964e-06,0.00020091644735278317,-1.1670288603401067,-1.6242053844415572,8
7.051056727496871,1.1177697912050881,0.5482110676097518,3.669043261551527e-06,0.00018634470333791386,-1.168924891405648,-1.62284136361792,8
7.087196793156395,1.075474880123672,0.48959744110166437,7.674999621960878e-06,0.00011084529251415821,-1.1703053193122734,-1.6218461543520089,8
7.12333685881592,1.0331655042202357,0.43099425496273724,6.034022179088327e-06,-4.540604841248453e-05,-1.1707055626802385,-1.6215572680795276,8
7.159476924475444,0.9908669767805982,0.37238323806080675,5.1829289566679214e-06,-2.3549853587449625e-05,-1.1704053843702895,-1.621773946242248,8
7.195616990134969,0.950764179466355,0.31679568833171423,4.126999821399433e-06,-2.9217686192872273e-05,-1.1096492654957504,-1.5381142428715155,8
7.2317570557944935,0.9135257779242854,0.26517872336989345,3.3539752374722025e-06,-2.1389683148748648e-05,-1.0303910870767943,-1.4282476807927333,8
7.267897121454018,0.8791517968052229,0.21753233797536442,2.72566210057472e-06,-1.7385499995959505e-05,-0.9511322265654718,-1.318381262598605,8
7.3040371871135426,0.8476422663655137,0.17385651448359862,2.1976211426195616e-06,-1.4610956745631248e-05,-0.8718725288571111,-1.2085153331843346,8
7.340177252773067,0.8189972057268435,0.13415124117534738,1.7481971169782233e-06,-1.243561677689311e-05,-0.792612302049241,-1.0986497280431873,8
7.376317318432592,0.7932166276184631,0.0984165101108454,1.3645982027219792e-06,-1.0614228033021904e-05,-0.713351723021384,-0.9887843425963465,8
7.412457384092116,0.7703005410452781,0.06665231562187302,1.0383830830505823e-06,-9.026411540970816e-06,-0.6340908948266533,-0.8789191139898661,8
7.448597449751641,0.7502489526921292,0.03885865347695017,7.63565092014442e-07,-7.604246816214368e-06,-0.5548298816615201,-0.7690540024689813,8
7.484737515411165,0.7330618677104423,0.015035520402840064,5.356777458075973e-07,-6.305670235861307e-06,-0.47556872595579003,-0.6591889815190198,8
7.52087758107069,0.7187392901883718,-0.004817086205230581,3.512610636755433e-07,-5.102831739338721e-06,-0.3963074571303032,-0.5493240326434284,8
7.557017646730214,0.707281223447711,-0.020699168468148343,2.0755585291256995e-07,-3.976340436996556e-06,-0.31704609639037645,-0.4394591424530544,8
7.593157712389739,0.6986876702401563,-0.0326107281456709,1.0231040556086302e-07,-2.9121541647871515e-06,-0.23778465951065264,-0.32959430095539843,8
7.6292977780492635,0.6929586328820565,-0.04055176672108729,3.365229534553756e-08,-1.8997781529006376e-06,-0.15852315853727497,-0.21972950050051873,8
7.665437843708788,0.6900941133499132,-0.04452228546142756,-2.237725705327363e-18,-9.311630524827578e-07,-0.07926160287386155,-0.10986473510453308,9
7.7015779093683125,0.6900941133499137,-0.04452228546142667,-1.1011735242237074e-18,9.99186734741507e-19,-4.978576587331048e-16,-9.414398347970855e-16,9
