0,15.081022658348083,5.569742202758789,3.141592653589793,2.0463566509119163e-30,-5.810562791122258e-27,1.1693236862716562e-26,0
0.03364903591243364,15.08113552027363,5.5659975084571665,3.141592653589793,-3.3438223570860307e-19,0.0033540909118694277,-0.1112868229380321,0
0.06729807182486729,15.081347579289961,5.558507733026505,3.141592653589793,4.0564371462556514e-20,0.006302082974449573,-0.2225851418196002,0
0.10094710773730092,15.08164347569644,5.547272501221107,3.141592653589793,4.784503158984427e-19,0.008793607259647864,-0.3338946124529801,0
0.13459614364973457,15.082005819696832,5.532291464262833,3.141592653589793,1.6973542178168982e-18,0.010768332303338414,-0.4452144482611391,0
0.16824517956216822,15.082414761828051,5.513564322739351,3.141592653589793,3.10193220872259e-18,0.012153160413958787,-0.5565431821647694,0
0.20189421547460187,15.082847433483455,5.491090862106117,3.141592653589793,3.782338060306005e-18,0.012858367072675177,-0.6678782920175841,0
0.23554325138703552,15.08327720464544,5.464871008464183,3.141592653589793,4.68162209044971e-18,0.0127721686619575,-0.7792155980387525,0
0.26919228729946915,15.083672677967707,5.434904917843726,3.141592653589793,5.347261708365056e-18,0.011752887164322766,-0.8905482670718677,0
0.30284132321190277,15.083996291566905,5.401193122663416,3.141592653589793,7.201622586731043e-18,0.009617321579101891,-1.0018651134029404,0
0.3364903591243364,15.084202321449398,5.3637367795970174,3.141592653589793,8.46673618127715e-18,0.006122905958743136,-1.1131475850860173,0
0.37013939503677,15.084233925964684,5.322538105903568,3.141592653589793,1.1303082302979332e-17,0.0009392398453372849,-1.2243641630821789,0
0.40378843094920364,15.08401858848086,5.277601186666762,3.141592653589793,1.3093125854499986e-17,-0.006399514220360388,-1.335459338381876,0
0.43743746686163726,15.08346072603821,5.228933565984278,3.141592653589793,1.5272755476069652e-17,-0.016578853673631478,-1.4463303141621737,0
0.4710865027740709,15.082428924826317,5.176549652268233,3.141592653589793,-1.1856660913126682e-17,-0.030663618850141905,-1.5567730930647052,0
0.5047355386865046,15.080732086282538,5.120478846862944,3.141592653589793,-3.5130641167621726e-17,-0.05042755305662928,-1.6663421071321218,0
0.5383845745989382,15.078070260778826,5.060788064329497,3.141592653589793,-9.191722240126667e-18,-0.07910555032361566,-1.773922518576231,0
0.5720336105113718,15.073922085602673,4.997658360388883,3.141592653589793,-1.417393574934002e-17,-0.12327768281230346,-1.8761222195161782,0
0.6056826464238054,15.067297293967233,4.931717650821843,3.141592653589793,-6.6498979123078496e-18,-0.19687909195023,-1.959661184309687,0
0.639331682336239,15.056968209315569,4.865216979003895,3.141592653589793,4.412423631716176e-18,-0.3069652479358749,-1.9763024412053158,0
0.6729807182486727,15.042954572680797,4.799394128068789,3.141592653589793,-2.5764190031514552e-17,-0.4164647293682111,-1.95615859861186,0
0.7066297541611063,15.025299810993442,4.73445309024669,3.141592653589793,-9.34577645820106e-18,-0.524673626112126,-1.9299524060985598,0
0.7402787900735399,15.004322474108637,4.671242918935033,3.141592653589793,-2.7392387496553363e-18,-0.6234156883245072,-1.878513591775756,0
0.7739278259859735,14.980728062858798,4.610713483700283,3.141592653589793,4.6240629384973496e-18,-0.7011913004354371,-1.7988460469497156,0
0.8075768618984072,14.955036775660803,4.553288649732889,3.141592653589793,1.333239619720194e-17,-0.7635073784833849,-1.7065818502744845,0
0.8412258978108408,14.927597766327331,4.499177561996444,3.141592653589793,5.704634310308472e-18,-0.8154471172629748,-1.6081021719986697,0
0.8748749337232744,14.898651716641936,4.448496384207337,3.141592653589793,9.757618527368163e-18,-0.8602341464023411,-1.5061702784292692,0
0.908523969635708,14.86837180242729,4.40131610097021,3.141592653589793,1.3298719702510628e-17,-0.8998746440595007,-1.4021288265109648,0
0.9421730055481417,14.8368876216549,4.357683380638179,3.141592653589793,1.942857319214725e-17,-0.9356636800626925,-1.2967004595786438,0
0.9758220414605753,14.804299403200693,4.317630683185794,3.141592653589793,2.473739625484713e-17,-0.96847406086206,-1.1903074298062033,0
1.009471077373009,14.770686789354125,4.28118160600952,3.141592653589793,1.4339960764003636e-17,-0.9989175896165426,-1.0832131200170552,0
1.0431201132854426,14.736114494933833,4.248353920806881,3.141592653589793,9.059534770626458e-18,-1.0274378888673035,-0.9755906614402862,0
1.0767691491978764,14.700636094507603,4.219161402707962,3.141592653589793,1.1340307388497907e-17,-1.0543660305322589,-0.8675588261990166,0
1.11041818511031,14.664296642480938,4.193614986531528,3.141592653589793,4.624729967188299e-19,-1.0799552213392423,-0.7592020241802755,0
1.1440672210227438,14.627134538800297,4.1717235278512925,3.141592653589793,-1.3510966430864027e-17,-1.1044032220522244,-0.6505820474977031,0
1.1777162569351776,14.589182891206127,4.153494321384396,3.141592653589793,-1.1572676294521308e-17,-1.1278673092724736,-0.5417452825197066,0
1.2113652928476113,14.550470531885109,4.13893346458049,3.141592653589793,-1.012937993643321e-17,-1.150474546187916,-0.43272731028010114,0
1.245014328760045,14.51102279089853,4.12804611917792,3.141592653589793,-8.350107135907975e-18,-1.1723290108292133,-0.3235559387467371,0
1.2786633646724788,14.47086209462312,4.120836703562879,3.141592653589793,-6.6366501671368175e-18,-1.193516996442951,-0.2142532592554147,0
1.3123124005849125,14.43000843580723,4.117309037012998,3.141592653589793,-2.522992739656041e-17,-1.2141108268957714,-0.1048370764339724,0
1.3459614364973462,14.388479747772216,4.117466449737549,3.141592653589793,-1.434879321897453e-17,-1.2341717053375894,0.004678075323195721,0
1.3603076431681453,14.370093079863816,4.117536143619726,3.141592653589793,-1.075658441539928e-17,-1.2816396926599856,0.004858000708921467,0
1.3746538498389445,14.351025426852592,4.117608418746953,3.141592653589793,-6.847320597726279e-18,-1.3291076483677504,0.005037925974813301,0
1.3890000565097436,14.33127678939906,4.117683275116726,3.141592653589793,-2.6562740366475385e-18,-1.3765755580343833,0.005217851066188182,0
1.4033462631805427,14.310847168554243,4.117760712725062,3.141592653589793,1.7960859550432453e-18,-1.4240433944396056,0.005397775879868803,0
1.4176924698513418,14.28973656625132,4.117840731564631,3.141592653589793,7.25997513372888e-18,-1.4715110960929767,0.005577700182778269,0
1.432038676522141,14.267944987219389,4.117923331617511,3.141592653589793,1.474149474474585e-17,-1.5189784681052008,0.005757623236196996,0
1.44638488319294,14.24547246089192,4.118008512772133,3.141592653589793,3.436420749120761e-17,-1.5664437884622047,0.00593753851290393,0
1.4607310898637391,14.223680897313137,4.118091112766438,3.141592653589793,1.989124336944684e-17,-1.5189773909459072,0.005757619153270537,0
1.4750772965345382,14.202570312096137,4.118171131541244,3.141592653589793,2.122961538106563e-17,-1.471509905121546,0.0055776956684517485,0
1.4894235032053373,14.182140708922745,4.1182485690825965,3.141592653589793,2.091389204946052e-17,-1.4240421626558117,0.005397771210844757,0
1.5037697098761365,14.162392089439042,4.118323425384256,3.141592653589793,2.003322923874395e-17,-1.3765743054503108,0.005217846318321564,0
1.5181159165469356,14.143324454578085,4.118395700442685,3.141592653589793,1.8832927605511812e-17,-1.3291063832063446,0.005037921179272837,0
1.5324621232177347,14.124937804940714,4.118465394255606,3.141592653589793,1.72575705726227e-17,-1.2816384190809205,0.004857995881474224,0
1.5468083298885338,14.10723214094617,4.118532506821431,3.141592653589793,1.5614399610642914e-17,-1.2341704257324517,0.004678070472906905,0
1.561154536559333,14.09020746290361,4.118597038138987,3.141592653589793,1.3792045063534902e-17,-1.186702410833875,0.004498144982654819,0
1.575500743230132,14.073863771050448,4.118658988207375,3.141592653589793,1.1907408672135742e-17,-1.1392343793868553,0.004318219429676566,0
1.5898469499009311,14.058201065574714,4.118718357025882,3.141592653589793,9.80906669448093e-18,-1.091766334832829,0.00413829382701676,0
1.6041931565717302,14.043219346629028,4.118775144593929,3.141592653589793,7.745122738082291e-18,-1.044298279640816,0.003958368184034119,0
1.6185393632425293,14.028918614339727,4.118829350911038,3.141592653589793,5.738587543449319e-18,-0.9968302156422404,0.0037784425076705765,0
1.6328855699133284,14.015298868813126,4.118880975976805,3.141592653589793,3.4279799808676404e-18,-0.9493621442330668,0.003598516803217478,0
1.6472317765841276,14.002360110139925,4.118930019790886,3.141592653589793,1.1369616892293637e-18,-0.9018940665017146,0.003418591074800431,0
1.6615779832549267,13.990102338398412,4.118976482352986,3.141592653589793,-1.2665275531955223e-18,-0.8544259833132183,0.0032386653256983116,0
1.6759241899257258,13.978525553656853,4.1190203636628455,3.141592653589793,-3.524962367453871e-18,-0.8069578953664424,0.0030587395585601356,0
1.690270396596525,13.967629755975292,4.119061663720236,3.141592653589793,-5.732549298580153e-18,-0.759489803234081,0.002878813775556676,0
1.704616603267324,13.95741494540696,4.119100382524957,3.141592653589793,-7.96717146714464e-18,-0.7120217073913054,0.0026988879784890494,0
1.7189628099381231,13.947881121999371,4.119136520076828,3.141592653589793,-1.0292873001282082e-17,-0.6645536082367167,0.0025189621688681365,0
1.7333090166089222,13.939028285795192,4.119170076375687,3.141592653589793,-1.2668966602231768e-17,-0.6170855061079593,0.0023390363479737627,0
1.7476552232797213,13.93085643683295,4.1192010514213875,3.141592653589793,-1.4997891242966573e-17,-0.569617401293547,0.0021591105168995294,0
1.7620014299505204,13.923365575147614,4.119229445213797,3.141592653589793,-1.7342799694815304e-17,-0.5221492940419538,0.001979184676587265,0
1.7763476366213196,13.916555700771053,4.119255257752796,3.141592653589793,-1.967522304254661e-17,-0.4746811845686958,0.0017992588278538748,0
1.7906938432921187,13.910426813732439,4.1192784890382725,3.141592653589793,-2.2074713362989446e-17,-0.4272130730619127,0.0016193329714124943,0
1.8050400499629178,13.904978914058576,4.119299139070126,3.141592653589793,-2.453849831473423e-17,-0.37974495968681654,0.0014394071078893524,0
1.819386256633717,13.900212001774179,4.119317207848262,3.141592653589793,-2.7107486470172633e-17,-0.3322768445892713,0.0012594812378373412,0
1.833732463304516,13.896126076902096,4.119332695372594,3.141592653589793,-7.180739361521071e-18,-0.28480872789870104,0.0010795553617470358,0
1.8480786699753151,13.892721139463529,4.119345601643042,3.141592653589793,-9.666716386759624e-18,-0.23734060973047044,0.0008996294800557223,0
1.8624248766461142,13.889997189478194,4.119355926659531,3.141592653589793,-1.2069817042948093e-17,-0.18987249018785043,0.0007197035931548438,0
1.8767710833169133,13.887954226964478,4.119363670421992,3.141592653589793,-1.4524975878598894e-17,-0.14240436936365133,0.0005397777013961947,0
1.8911172899877124,13.886592251939566,4.119368832930358,3.141592653589793,-1.7152636360597903e-17,-0.0949362473415895,0.00035985180509709756,0
1.9054634966585116,13.885911264419555,4.11937141418457,3.141592653589793,2.5529127010007685e-18,-0.04746812419743784,0.00017992590454476686,0
1.9198097033293107,13.885911264419555,4.11937141418457,3.141592653589793,-1.8846418239147813e-29,-3.8475546270235554e-22,-1.0150712570087467e-19,0
1.9385599677716867,13.886859056288719,4.120045879062577,3.141592653589793,1.4461736565387684e-17,0.050548186777711904,0.03597095284062927,0
1.9573102322140628,13.888750444092544,4.121400666632841,3.141592653589793,9.397346600630161e-18,0.10087259353796554,0.0722543180352536,0
1.9760604966564388,13.891580926972594,4.123441976339025,3.141592653589793,3.0688237656804337e-18,0.15095695790037397,0.1088683155620334,0
1.9948107610988148,13.895345665929575,4.126176378922627,3.141592653589793,3.099012675798444e-18,0.20078324594044195,0.1458327476929465,0
2.0135610255411907,13.900039445770322,4.129610849456975,3.141592653589793,-2.046898347119782e-18,0.2503313942675953,0.183169178488328,0
2.0323112899835665,13.9056566313355,4.1337528042025395,3.141592653589793,-7.223165689246885e-18,0.299579005002396,0.22090113759694918,0
2.0510615544259423,13.912191116930867,4.1386101418059145,3.141592653589793,-1.2431601495830993e-17,0.34850098330340584,0.25905435191609383,0
2.069811818868318,13.919636267641042,4.144191289439899,3.141592653589793,-1.7674169941029757e-17,0.39706910444145527,0.29765700911242204,0
2.088562083310694,13.927984850896792,4.150505254565122,3.141592653589793,-2.295300169383035e-17,0.44525149399401126,0.33674005743369834,0
2.1073123477530697,13.937228956275424,4.157561683083317,3.141592653589793,-3.01901475678995e-17,0.4930120002862685,0.37633754659204044,0
2.1260626121954456,13.947359901013714,4.165370924745051,3.141592653589793,-3.4917651402629695e-17,0.5403094324042718,0.4164870146622927,0
2.1448128766378214,13.958368118070055,4.1739441067634,3.141592653589793,-4.031994996565e-17,0.5870966294994113,0.45722992572697485,0
2.163563141080197,13.970243022741956,4.183293216656853,3.141592653589793,-2.4515553833082114e-17,0.6333193170898768,0.4986121620943103,0
2.182313405522573,13.982972852766492,4.193431195376477,3.141592653589793,-3.001457529202578e-17,0.6789146928384555,0.5406845727845829,0
2.201063669964949,13.996544475424692,4.204372041724507,3.141592653589793,-3.556700513086359e-17,0.7238096667867868,0.5835035757310842,0
2.2198139344073247,14.010943153330308,4.216130928876413,3.141592653589793,-4.117653448838318e-17,0.7679186578869842,0.6271318032896818,0
2.2385641988497005,14.026152258171633,4.228724333362229,3.141592653589793,-4.684709245683118e-17,0.811140818203732,0.671638766723454,0
2.2573144632920763,14.04215291851861,4.24217017595458,3.141592653589793,-4.4136876342946614e-17,0.8533565164454338,0.7171014912174889,0
2.276064727734452,14.05892358369961,4.256487972231748,3.141592653589793,-2.9550172140829905e-17,0.8944228617436524,0.7636050318741318,0
2.294814992176828,14.076439480474743,4.271698987605312,3.141592653589793,-4.5599986286525246e-17,0.9341679862149961,0.8112427118193807,0
2.3135652566192038,14.094671932622994,4.287826386451611,3.141592653589793,-5.1556212867180625e-17,0.9723837338019526,0.8601158077456712,0
2.3323155210615796,14.1135875056844,4.304895356248132,3.141592653589793,-5.759322258528181e-17,1.0088163353395685,0.9103322168590081,0
2.3510657855039554,14.133146930642477,4.322933173044096,3.141592653589793,-6.371293479418085e-17,1.0431546188688803,0.9620033280810146,0
2.369816049946331,14.153303753449805,4.34196915079351,3.141592653589793,-6.991487296583331e-17,1.0750153881442632,1.0152378281338743,0
2.388566314388707,14.1740026573125,4.3620343793778265,3.141592653589793,-7.619461990211155e-17,1.1039259700206736,1.0701304318124059,0
2.407316578831083,14.195177423173785,4.383161099435107,3.141592653589793,-4.9932838848013735e-17,1.1293049186778745,1.1267425119367096,0
2.4260668432734587,14.2167485536459,4.405381484654549,3.141592653589793,-4.30994496248082e-17,1.150444066450792,1.1850704979511375,0
2.4448171077158345,14.238620725424422,4.428725516659098,3.141592653589793,-5.5155670356204086e-17,1.1664993763549267,1.2449974813044087,0
2.4635673721582103,14.260680504857948,4.453217595218978,3.141592653589793,-2.10764877663065e-17,1.1765049768402158,1.3062257673831799,0
2.482317636600586,14.282795181478281,4.478871652003658,3.141592653589793,-2.5871433259603237e-17,1.1794327855106734,1.3681970653545346,0
2.501067901042962,14.304814021478984,4.505685028441955,3.141592653589793,-5.57663874803971e-18,1.1743215712168837,1.4300265748624925,0
2.5198181654853378,14.326573291395238,4.533632349238905,3.141592653589793,1.9531725424607763e-17,1.1604780286233694,1.4905027543925464,0
2.5385684299277136,14.347905415030064,4.562661683140139,3.141592653589793,1.519049593009195e-17,1.1376972149051252,1.5482093060846027,0
2.5573186943700894,14.36865053924495,4.592695326765788,3.141592653589793,1.8063350804060448e-17,1.1063910207048313,1.601771735963988,0
2.5760689588124652,14.388666992631274,4.623635747854366,3.141592653589793,1.4893937693383994e-17,1.0675291246072254,1.6501325185927884,0
2.594819223254841,14.407837482991376,4.655374638373303,3.141592653589793,4.740528630592002e-18,1.0224117328593878,1.692716954284958,0
2.613569487697217,14.426070226780665,4.687801888281327,3.141592653589793,2.5702672137460593e-18,0.9723992877712405,1.7294289372654157,0
2.6323197521395927,14.443296396507009,4.720812247418956,3.141592653589793,-5.465464711567748e-18,0.9187160948735065,1.7605276575739786,0
2.6510700165819685,14.459465918406906,4.754309128421597,3.141592653589793,-7.073131172862901e-19,0.8623623389200196,1.7864751244221198,0
2.6698202810243443,14.474543132781982,4.788206100463867,3.141592653589793,-1.2355948670496041e-17,0.8041067592092659,1.8078130122614535,0
2.687716611828941,14.487915856205797,4.820854340727233,3.141592653589793,-2.1838275257528934e-17,0.7472326908698688,1.8242979871036509,0
2.7056129426335374,14.500249729277712,4.853711911544049,3.141592653589793,-1.7891358027701423e-17,0.6891844594617165,1.835994829084004,0
2.723509273438134,14.511529819974971,4.886681606421817,3.141592653589793,-1.4918336425672268e-17,0.6303018658083116,1.8422600273627565,0
2.7414056042427304,14.521750187527681,4.919655268887533,3.141592653589793,-1.356927958911069e-17,0.571087317523498,1.8424817257651298,0
2.759301935047327,14.530916885029868,4.952515758316876,3.141592653589793,-1.2818489721235358e-17,0.51221100024774,1.8361579134926898,0
2.7771982658519234,14.539050402042637,4.985140521905583,3.141592653589793,-8.59570656639583e-18,0.45447958587579657,1.8229861721335494,0
2.79509459665652,14.546186767121476,5.0174065145765265,3.141592653589793,-6.931878951502356e-18,0.39876135263468815,1.8029389947718713,0
2.8129909274611165,14.552376750923342,5.049195651859362,3.141592653589793,-8.167769394174978e-18,0.3458800504669415,1.776293567096518,0
2.830887258265713,14.557683182842833,5.080399669702988,3.141592653589793,-4.491061562178989e-18,0.29650948998593135,1.7435986283630807,0
2.8487835890703095,14.562177022827996,5.110923449941172,3.141592653589793,-2.197069166742374e-18,0.2511039851816175,1.7055887361192574,0
2.866679919874906,14.565933137996135,5.140686446929246,3.141592653589793,2.0534547122207664e-18,0.20988185841841683,1.663078164627488,0
2.8845762506795025,14.569026599938425,5.169622449361804,3.141592653589793,3.719534989110317e-17,0.1728545351595292,1.6168678791479671,0
2.902472581484099,14.571529932968462,5.197678237386766,3.141592653589793,4.050635760601414e-17,0.13987968021881142,1.5676838079991633,0
2.9203689122886956,14.573511370797434,5.22481171571394,3.141592653589793,4.517913341265025e-17,0.11071754599341055,1.5161475625051246,0
2.938265243093292,14.575033957293643,5.250989952988384,3.141592653589793,4.99134469409047e-17,0.08507813768279238,1.462771199318702,0
2.9561615738978886,14.576155254710017,5.2761873756468205,3.141592653589793,5.867704033620918e-17,0.06265515700492474,1.4079658525291272,0
2.974057904702485,14.576927440147637,5.300384222835779,3.141592653589793,6.346650462411748e-17,0.043147695807078154,1.3520563211060035,0
2.9919542355070816,14.577397622423465,5.323565282288176,3.141592653589793,5.654965865993888e-17,0.026272551673456313,1.2952967681198524,0
3.009850566311678,14.577608264898453,5.3457188837591865,3.141592653589793,6.134019801801463e-17,0.011770148713026549,1.2378851124790333,0
3.0277468971162746,14.577597642628184,5.366836110353102,3.141592653589793,6.931890986248149e-17,-0.000593544586529995,1.1799752041067533,0
3.045643227920871,14.577400292387821,5.3869101860535356,3.141592653589793,7.914292663034824e-17,-0.011027413525077724,1.1216866697210337,0
3.0635395587254677,14.577047433776652,5.405936002051629,3.141592653589793,8.431633633571743e-17,-0.019716813184845514,1.0631126685033563,0
3.081435889530064,14.576567351663831,5.4239097507696545,3.141592653589793,7.546771737187018e-17,-0.02682572858448397,1.0043259098345034,0
3.0993322203346607,14.575985737243972,5.440828642774297,3.141592653589793,8.267627401982721e-17,-0.03249908745036678,0.9453832849522879,0
3.1172285511392572,14.575325988797601,5.456690687262125,3.141592653589793,8.40657605965205e-17,-0.036865011804573376,0.88632941919885,0
3.1351248819438537,14.5746094751538,5.471494521275282,3.141592653589793,7.735159482283163e-17,-0.04003690206811758,0.8271993949371689,0
3.1530212127484503,14.573855765634255,5.485239276324363,3.141592653589793,6.907581229087865e-17,-0.042115309991429296,0.7680208417666806,0
3.170917543553047,14.573082830414698,5.497924473805383,3.141592653589793,3.231949055567921e-17,-0.04318959165405591,0.7088155454615095,0
3.1888138743576433,14.572307215068369,5.509549942660434,3.141592653589793,-4.6494181108030435e-18,-0.04333935010468484,0.6496006908894303,0
3.20671020516224,14.571544192730336,5.520115754292299,3.141592653589793,-7.008953763781781e-20,-0.04263568584892568,0.5903898261174385,0
3.2246065359668363,14.5708078969393,5.529622170921352,3.141592653589793,-1.0705207353402699e-17,-0.04114227654120163,0.5311936135317368,0
3.242502866771433,14.57011143782821,5.538069604462463,3.141592653589793,-7.352990246691301e-18,-0.03891630740930418,0.4720204176680139,0
3.2603991975760294,14.569467003973617,5.54545858367222,3.141592653589793,-4.699820184290928e-19,-0.03600927260617641,0.412876767334852,0
3.278295528380626,14.568885951888058,5.551789727826878,3.141592653589793,7.01929911686799e-18,-0.03246766568533861,0.35376772053365135,0
3.2961918591852224,14.568378884853376,5.557063725579711,3.141592653589793,1.3782476618329421e-17,-0.028333575201473428,0.2946971538701309,0
3.314088189989819,14.567955722544884,5.561281317943169,3.141592653589793,2.1125331587030508e-17,-0.02364519929325568,0.23566799303766886,0
3.3319845207944154,14.567625762683655,5.5644432845690055,3.141592653589793,-1.5984790425543737e-17,-0.01843729113146703,0.17668239709923106,0
3.349880851599012,14.567397735772934,5.566550432675165,3.141592653589793,-1.1794118420544798e-17,-0.01274154535980967,0.11774190638111724,0
3.3677771824036085,14.5672798538208,5.567603588104248,3.141592653589793,-6.8712151499672094e-18,-0.006586934127462729,0.058847561580153154,0
3.385673513208205,14.5672798538208,5.567603588104248,3.141592653589793,-8.237864826670089e-29,1.5238315031053122e-22,-4.602592147147616e-25,0
3.409115137540927,14.565461653428724,5.567608934643112,3.141592653589793,3.341378541497568e-17,-0.07756290119954262,0.00022807885614129712,0
3.432556761873649,14.561825252687676,5.567619627720713,3.141592653589793,3.0592433092882484e-17,-0.15512580056037203,0.00045615770687573704,0
3.455998386206371,14.55637065164568,5.56763566733691,3.141592653589793,2.7576605526582216e-17,-0.2326886978723496,0.0006842365515853922,0
3.479440010539093,14.549097850356592,5.567657053491545,3.141592653589793,2.4577426236584352e-17,-0.3102515928871298,0.000912315389539986,0
3.502881634871815,14.540006848881207,5.567683786184438,3.141592653589793,2.1547340021908607e-17,-0.38781448530830004,0.001140394219867898,0
3.526323259204537,14.52909764728871,5.567715865415387,3.141592653589793,1.8534981030151038e-17,-0.4653773747781212,0.0013684730415171721,0
3.549764883537259,14.516370245658536,5.567753291184157,3.141592653589793,1.55431287691353e-17,-0.5429402608593565,0.0015965518532020848,0
3.573206507869981,14.501824644082825,5.567796063490479,3.141592653589793,1.2513468604588989e-17,-0.6205031430098326,0.0018246306533283387,0
3.596648132202703,14.485460842669749,5.567844182334033,3.141592653589793,9.506676090812017e-18,-0.6980660205459391,0.0020527094398857335,0
3.620089756535425,14.46727884154808,5.567897647714441,3.141592653589793,6.231954524253541e-18,-0.7756288925887493,0.002280788210289726,0
3.643531380868147,14.447278640873694,5.567956459631245,3.141592653589793,2.8572567793567715e-18,-0.8531917579817803,0.002508866961139601,0
3.666973005200869,14.425460240839158,5.568020618083878,3.141592653589793,-5.047899076339199e-19,-0.9307546151603787,0.0027369456878343925,0
3.690414629533591,14.401823641688376,5.568090123071624,3.141592653589793,3.212613655004457e-17,-1.0083174619340312,0.0029650243839327503,0
3.713856253866313,14.376368843740307,5.568164974593544,3.141592653589793,2.86229161743687e-17,-1.0858802951012183,0.0031931030400203938,0
3.737297878199035,14.349095847429895,5.568245172648359,3.141592653589793,2.480002414363066e-17,-1.163443109714139,0.0034211816415479863,0
3.760739502531757,14.320004653385386,5.568330717234222,3.141592653589793,2.0643777039264468e-17,-1.2410058975264622,0.0036492601642666446,0
3.784181126864479,14.289095262594032,5.568421608348229,3.141592653589793,1.607448175287509e-17,-1.3185686432235846,0.00387733856314276,0
3.807622751197201,14.256367676832877,5.5685178459851565,3.141592653589793,1.06450596296348e-17,-1.396131313113417,0.004105416739102512,0
3.831064375529923,14.221821900248354,5.56861943013281,3.141592653589793,3.4026945388122123e-18,-1.4736938061199365,0.004333494394925148,0
3.854505999862645,14.185457953572445,5.568726360730227,3.141592653589793,-1.3682079809513788e-17,-1.5512554147175401,0.004561569450084698,0
3.877947624195367,14.150912176987921,5.568827944877881,3.141592653589793,-2.5390767170725294e-17,-1.4736938061199367,0.004333494394925149,0
3.901389248528089,14.118184591226766,5.568924182514808,3.141592653589793,-2.766373549860925e-17,-1.396131313113417,0.004105416739102512,0
3.9248308728608112,14.087275200435412,5.569015073628815,3.141592653589793,-2.804056576482473e-17,-1.3185686432235846,0.0038773385631427604,0
3.9482724971935332,14.058184006390904,5.569100618214678,3.141592653589793,-2.7577129792359683e-17,-1.2410058975264622,0.0036492601642666446,0
3.9717141215262552,14.03091101008049,5.569180816269493,3.141592653589793,-2.648511586198882e-17,-1.163443109714139,0.0034211816415479863,0
3.9951557458589773,14.005456212132422,5.569255667791413,3.141592653589793,-2.52752713084015e-17,-1.0858802951012183,0.003193103040020394,0
4.018597370191699,13.981819612981642,5.569325172779159,3.141592653589793,-2.3923667993722324e-17,-1.0083174619340312,0.0029650243839327503,0
4.042038994524422,13.960001212947105,5.569389331231792,3.141592653589793,-2.2313686025334156e-17,-0.9307546151603788,0.002736945687834393,0
4.065480618857144,13.94000101227272,5.5694481431485965,3.141592653589793,-2.0551791256564457e-17,-0.8531917579817803,0.002508866961139601,0
4.088922243189867,13.921819011151051,5.569501608529005,3.141592653589793,-1.8831981514826257e-17,-0.7756288925887495,0.002280788210289726,0
4.112363867522589,13.905455209737974,5.569549727372558,3.141592653589793,-1.6926144273582205e-17,-0.6980660205459392,0.0020527094398857335,0
4.1358054918553115,13.890909608162264,5.56959249967888,3.141592653589793,-1.496709494315781e-17,-0.6205031430098326,0.001824630653328339,0
4.159247116188034,13.878182206532088,5.56962992544765,3.141592653589793,-1.2902074528821026e-17,-0.5429402608593566,0.0015965518532020848,0
4.1826887405207565,13.867273004939591,5.569662004678599,3.141592653589793,-1.1032271490656054e-17,-0.4653773747781213,0.0013684730415171721,0
4.206130364853479,13.858182003464206,5.569688737371492,3.141592653589793,-8.851684342235214e-18,-0.3878144853083001,0.001140394219867898,0
4.229571989186201,13.850909202175117,5.569710123526127,3.141592653589793,-6.84863912020379e-18,-0.31025159288712983,0.0009123153895399862,0
4.253013613518924,13.845454601133124,5.569726163142324,3.141592653589793,-4.767713965025302e-18,-0.2326886978723497,0.0006842365515853924,0
4.276455237851646,13.841818200392074,5.569736856219925,3.141592653589793,-2.6169464382101276e-18,-0.1551258005603721,0.0004561577068757372,0
4.299896862184369,13.84,5.569742202758789,3.141592653589793,-4.67582336715976e-19,-0.07756290119954268,0.00022807885614129728,0
4.323338486517091,13.84,5.569742202758789,3.141592653589793,1.6015814508009592e-18,-5.5024648978460435e-17,-3.128298215790065e-17,0
4.353409220844218,13.841520269727223,5.572309411972224,3.140384320442607,-0.04018302759223656,0.05055645501319712,0.0853723485933947,0
4.383479955171344,13.844560808721267,5.577443830581812,3.1379676350090246,-0.08036669165750368,0.1011128947157562,0.1707447032630635,0
4.413550689498471,13.849121616066926,5.585145458539956,3.134342538727393,-0.12055230318606729,0.15166930398322587,0.25611705634992654,0
4.443621423825597,13.855202690407154,5.595414295545026,3.1295089324680605,-0.16074121126374838,0.20222566812216358,0.341489399406069,0
4.473692158152724,13.86280402996085,5.608250341010126,3.1234666750578444,-0.20093481404494778,0.2527819730308303,0.42686172294506647,0
4.50376289247985,13.871925632546006,5.623653594024221,3.1162155815035466,-0.2411345687609762,0.30333820537689204,0.5122340161875955,0
4.5338336268069765,13.882567495608777,5.641624053305388,3.1077554209486364,-0.2813420005935233,0.35389435279507675,0.5976062667999432,0
4.563904361134103,13.894729616259161,5.662161717145859,3.0980859143980797,-0.3215587103848666,0.4044504041064532,0.6829784606205965,0
4.5939750954612295,13.90841199131391,5.685266583348198,3.087206732239393,-0.3617863814144691,0.4550063495591309,0.7683505813656042,0
4.624045829788356,13.92361461734723,5.710938649151441,3.0751174915668513,-0.4020267859450387,0.505562181087376,0.8537226102950701,0
4.6541165641154825,13.940337490749618,5.7391779111450525,3.061817753268058,-0.4422817931252031,0.5561178925817569,0.939094525807329,0
4.684187298442609,13.95858060779469,5.769984365166546,3.0473070187331364,-0.4825533815391989,0.6066734801556312,1.0244663028964813,0
4.714258032769735,13.978343964713101,5.803358006174872,3.0315847258444903,-0.5228436631314064,0.6572289423801031,1.1098379123459254,0
4.744328767096862,13.999627557770928,5.839298828083666,3.0146502434804963,-0.5631549326255617,0.707784280433342,1.195209319393711,0
4.774399501423988,14.022431383346609,5.877806823520852,2.996502862822289,-0.6034897738375582,0.7583394980516825,1.2805804812837127,0
4.804470235751115,14.04675543799257,5.918881983438168,2.9771417814542835,-0.6438512993192956,0.8088946010213888,1.3659513422744085,0
4.834540970078241,14.072599718446627,5.962524296374678,2.9565660698681264,-0.6842437355311297,0.8594495955073306,1.4513218221325863,0
4.864611704405368,14.099964221487923,6.008733746775637,2.9347745885034096,-0.7246740677383083,0.9100044828839432,1.5366917847189026,0
4.894682438732494,14.128848943212981,6.057510309926077,2.911765725355955,-0.7651580070227629,0.9605592404506277,1.6220609254107454,0
4.924753173059621,14.159253874657166,6.10885392578759,2.88753601206234,-0.8057572864709649,1.0111136998991546,1.7074280695298985,0
4.954823907386747,14.188138737968929,6.157628882179462,2.8643898236137684,-0.769724749544655,0.960563948905854,1.6220074927759125,0
4.984894641713874,14.21550337564815,6.203836643345178,2.842455500931476,-0.7294242449711625,0.9100089602579489,1.5366356093283886,0
5.014965376041,14.241347783495677,6.247477246324605,2.8217360128545637,-0.6890250118774567,0.8594538319675049,1.4512649576388887,0
5.045036110368127,14.265671958031415,6.288550708515922,2.8022326654297953,-0.648582346297231,0.8088985879468782,1.3658948845244852,0
5.075106844695253,14.288475895685192,6.327057041834774,2.7839462893391427,-0.6081120564507354,0.7583432252003649,1.2805252076639748,0
5.10517757902238,14.309759592732089,6.362996255625767,2.7668774884878844,-0.5676216837797952,0.7077877385820084,1.1951558415576375,0
5.135248313349506,14.329523045344077,6.396368357646799,2.7510267275092644,-0.5271158597653918,0.6572321246628452,1.109786733439629,0
5.165319047676633,14.347766249666506,6.427173354501607,2.7363943727559286,-0.48659785272141476,0.6066763825575067,1.0244178449283394,0
5.195389782003759,14.364489201896525,6.455411251867802,2.7229807156932875,-0.4460701530172176,0.5561205139886747,0.9390491452256258,0
5.225460516330886,14.379691898356102,6.481082054635803,2.7107859883159313,-0.4055347383504167,0.5055645231071958,0.8536806081534185,0
5.255531250658012,14.39337433555712,6.504185767003984,2.699810374388185,-0.3649932126148605,0.4550084162286251,0.7683122106977834,0
5.285601984985139,14.40553651025787,6.524722392549876,2.6900540181964145,-0.32444688864713933,0.40445220154731154,0.6829439322127359,0
5.315672719312265,14.416178419511073,6.542691934286739,2.681517031628318,-0.2838968438624081,0.35389588885438183,0.5975757539333858,0
5.3457434536393915,14.425300060703883,6.5580943947100225,2.6741994999995367,-0.24334396191252097,0.3033394892715064,0.5122076586399819,0
5.375814187966518,14.432901431590517,6.570929775835971,2.6681014868564605,-0.20278896673217395,0.2527830150053205,0.4268396303967195,0
5.4058849222936445,14.438982530318151,6.581198079233494,2.6632230378864103,-0.16223245222347482,0.20222647912353445,0.34147165432740356,0
5.435955656620771,14.443543355446689,6.588899306049817,2.6595641840142914,-0.12167490930936645,0.15166989535144645,0.2561037164089422,0
5.466026390947897,14.446583905962946,6.594033457030182,2.6571249437361395,-0.08111675131097473,0.10111327788608941,0.17073580327344426,0
5.496097125275024,14.448104181289672,6.596600532531738,2.6559053247235704,-0.04055833819358211,0.05055664122425571,0.08536790201497647,0
5.52616785960215,14.448104181289672,6.596600532531738,2.6559053247235704,-1.5746577166573078e-18,2.9891078705722896e-17,4.538264957051708e-17,0
5.54989813559202,14.446457604088216,6.59747261440883,2.655905196925087,-5.385461313694231e-06,-0.06938719137353541,0.036749757038843284,0
5.57362841158189,14.443164449723863,6.599216778142593,2.655904941328121,-1.0770922617489598e-05,-0.13877438112218,0.07349951321709053,0
5.597358687571759,14.43822471823958,6.60183302371027,2.6559045579326717,-1.615638391198981e-05,-0.20816156906023203,0.11024926843638792,0
5.621088963561629,14.43163840968354,6.605321351086347,2.6559040467387396,-2.1541845197967223e-05,-0.27754875496822584,0.14699902258049916,0
5.644819239551499,14.42340552411013,6.609681760242016,2.655903407746325,-2.6927306476295054e-05,-0.3469359385842184,0.18374877551069058,0
5.668549515541368,14.413526061581248,6.614914251144499,2.6559026409554285,-3.2312767747967514e-05,-0.41632311959207174,0.220498527059525,0
5.692279791531238,14.40200002216795,6.621018823756158,2.65590174636605,-3.769822901413735e-05,-0.48571029760539514,0.25724827702235703,0
5.716010067521108,14.388827405952668,6.627995478033334,2.655900723978189,-4.3083690276253794e-05,-0.5550974721450638,0.29399802514542633,0
5.739740343510977,14.37400821303217,6.63584421392478,2.655899573791846,-4.846915153604991e-05,-0.6244846426069642,0.33074777110877446,0
5.763470619500847,14.357542443521652,6.64456503136948,2.6558982958070207,-5.385461279552373e-05,-0.693871808214379,0.36749751450102597,0
5.787200895490717,14.339430097560566,6.654157930293579,2.6558968900237137,-5.924007405713434e-05,-0.7632589679453116,0.40424725478089774,0
5.810931171480586,14.319671175321176,6.664622910605838,2.6558953564419245,-6.462553532397665e-05,-0.8326461204170612,0.4409969912160655,0
5.834661447470456,14.298265677021678,6.675959972190694,2.655893695061653,-7.001099659980771e-05,-0.902033263693847,0.4777467227812755,0
5.8583917234603256,14.27521360294741,6.688169114897021,2.6558919058828985,-7.53964578893301e-05,-0.9714203949464515,0.5144964479780806,0
5.882121999450195,14.25051495348747,6.701250338518743,2.655889988905661,-8.078191919853808e-05,-1.0408075098024492,0.5512461644906991,0
5.905852275440065,14.224169729203881,6.71520364275819,2.6558879441299394,-8.616738053511061e-05,-1.110194600974468,0.587995868459497,0
5.9295825514299345,14.196177930979832,6.730029027147598,2.6558857715557336,-9.155284190931573e-05,-1.1795816549288256,0.6247455527165877,0
5.953312827419804,14.166539560405056,6.7457264908449925,2.6558834711830412,-9.693830333527e-05,-1.2489686418914565,0.6614952014926387,0
5.977043103409674,14.135254621188917,6.76229603188577,2.6558810430118616,-0.00010232376483481602,-1.318355472540374,0.6982447674797649,0
6.0007733793995435,14.102323131878098,6.779737640446993,2.655878487042191,-0.0001077092264642464,-1.387741521627402,0.7349939195258022,0
6.024503655389413,14.071038192661959,6.79630718148777,2.655876058871011,-0.00010232376483479028,-1.318355472540374,0.6982447674797649,0
6.048233931379283,14.041399822087183,6.812004645185165,2.655873758498319,-9.693830333526202e-05,-1.2489686418914563,0.6614952014926387,0
6.071964207369152,14.013408023863134,6.826830029574573,2.6558715859241127,-9.155284190928551e-05,-1.1795816549288256,0.6247455527165876,0
6.095694483359022,13.987062799579547,6.84078333381402,2.6558695411483915,-8.616738053510822e-05,-1.110194600974468,0.5879958684594969,0
6.119424759348892,13.962364150119605,6.853864557435742,2.6558676241711536,-8.07819191984965e-05,-1.0408075098024492,0.5512461644906991,0
6.143155035338761,13.939312076045338,6.866073700142069,2.655865834992399,-7.539645788927383e-05,-0.9714203949464515,0.5144964479780806,0
6.166885311328631,13.917906577745839,6.8774107617269244,2.6558641736121276,-7.00109965997284e-05,-0.902033263693847,0.4777467227812755,0
6.190615587318501,13.898147655506449,6.887875742039184,2.6558626400303385,-6.462553532391844e-05,-0.8326461204170611,0.44099699121606545,0
6.21434586330837,13.880035309545363,6.897468640963282,2.6558612342470314,-5.9240074057080484e-05,-0.7632589679453116,0.4042472547808977,0
6.23807613929824,13.863569540034845,6.906189458407983,2.6558599562622067,-5.385461279545933e-05,-0.6938718082143789,0.3674975145010259,0
6.26180641528811,13.848750347114347,6.914038194299429,2.6558588060758637,-4.8469151536020887e-05,-0.6244846426069641,0.3307477711087744,0
6.285536691277979,13.835577730899066,6.921014848576607,2.6558577836880026,-4.308369027623621e-05,-0.5550974721450637,0.2939980251454264,0
6.309266967267849,13.824051691485767,6.927119421188266,2.655856889098624,-3.769822901414418e-05,-0.4857102976053951,0.257248277022357,0
6.332997243257719,13.814172228956885,6.9323519120907475,2.655856122307727,-3.231276774795628e-05,-0.41632311959207174,0.220498527059525,0
6.356727519247588,13.805939343383477,6.936712321246417,2.655855483315313,-2.6927306476321556e-05,-0.34693593858421834,0.18374877551069058,0
6.380457795237458,13.799353034827435,6.940200648622493,2.655854972121381,-2.1541845198009277e-05,-0.27754875496822584,0.14699902258049916,0
6.404188071227328,13.794413303343152,6.9428168941901705,2.6558545887259317,-1.6156383912016346e-05,-0.20816156906023203,0.11024926843638794,0
6.427918347217197,13.791120148978798,6.944561057923933,2.6558543331289655,-1.0770922617478207e-05,-0.13877438112218,0.07349951321709053,0
6.451648623207067,13.789473571777343,6.945433139801025,2.655854205330482,-5.385461313693343e-06,-0.0693871913735354,0.036749757038843284,0
6.4753788991969365,13.789473571777343,6.945433139801025,2.655854205330482,1.9630167631992626e-28,-2.665925973094682e-19,-5.033779308813541e-19,0
