0,1.8828003406524645,2.809883356094361,-1.0209431117243135,2.1252998176154378e-17,1.0108035758141438e-15,-5.05651741480116e-16,0
0.052190787309958055,1.8919237228649308,2.8053331961622576,-1.0168503801777729,0.07841865887621781,0.1748082886407531,-0.0871832016076015,0
0.10438157461991611,1.9101709249958276,2.7962328810303014,-1.0087134502563528,0.15590739938631606,0.3496249639333618,-0.17436631254306972,0
0.15657236192987417,1.9375424074176768,2.782582432765488,-0.996581728447298,0.23244948839351595,0.5244504601797382,-0.2615490006645108,0
0.20876314923983222,1.9740386604273674,2.764381890356931,-0.9805066870742323,0.3080053435024308,0.6992853507448056,-0.34873094173624414,0
0.26095393654979027,2.019660212858735,2.741631309238883,-0.9605433387629395,0.3825071308606889,0.874130374014569,-0.4359118206616459,0
0.31314472385974834,2.0744076422291013,2.714330760503177,-0.9367520724540151,0.45585183775116084,1.0489864627874974,-0.5230913374341437,0
0.3653355111697064,2.138281586635724,2.6824803295233415,-0.9092009569432468,0.5278923145409571,1.223854777803605,-0.6102692184097092,0
0.4175262984796645,2.2112827586574038,2.646080113693111,-0.8779686552239842,0.5984255714284483,1.398736746164235,-0.6974452332756078,0
0.46971708578962257,2.29341196155841,2.6051302189937404,-0.8431481486130786,0.6671772626097514,1.5736341054455976,-0.7846192174908536,0
0.5219078730995806,2.3846701081310577,2.559630755185415,-0.8048515574156268,0.7337806760800646,1.748548954256461,-0.8717910986494128,0
0.5740986604095387,2.4850582425258056,2.5095818296439956,-0.763216490384217,0.7977474412129756,1.9234838094805804,-0.958960922436021,0
0.6262894477194968,2.5945775653230716,2.454983540396818,-0.7184146084683405,0.8584251019207831,2.0984416683894445,-1.0461288679728453,0
0.6784802350294549,2.713229461648737,2.395835970117832,-0.6706635512622705,0.9149326857722785,2.2734260669608224,-1.1332952294379617,0
0.730671022339413,2.841015530559937,2.332139185634274,-0.620244267031528,0.9660571688889338,2.448441104218,-1.2204603104618221,0
0.782861809649371,2.9779376088140417,2.2638932543526518,-0.5675276191695007,1.0100757351857184,2.623491334609186,-1.307624099945346,0
0.8350525969593291,3.1239977653196815,2.1910983074441024,-0.5130182105499662,1.0444258733980398,2.7985812062615225,-1.3947853761282571,0
0.8872433842692872,3.27919818325129,2.113754735688826,-0.45743339080905165,1.0650312556275423,2.9737129085614953,-1.4819391647789948,0
0.9394341715792452,3.44354060803358,2.0318638056824194,-0.4018638921484043,1.0647376965329756,3.148878054018814,-1.5690686848631241,0
0.9916249588892033,3.6170238411450435,1.9454299148670133,-0.348162213629611,1.028949385259553,3.3240202352410946,-1.6561139478904674,0
1.0438157461991613,3.799628893798181,1.8544722439586687,-0.3001955467017211,0.9190638693188997,3.498798582375418,-1.7427916993884942,0
1.0960065335091194,3.9911213404843666,1.759179437723463,-0.27168173858156497,0.5463379571343552,3.669085226649763,-1.825854928557943,0
1.1481973208190774,4.188602938055808,1.6607272199473349,-0.2716817276082424,2.102540141986875e-07,3.783840170844915,-1.8863907377259266,0
1.2003881081290355,4.386084599519917,1.5622751301056441,-0.27168171681589914,2.0678636608130184e-07,3.783841395058443,-1.8863882864420098,0
1.2525788954389936,4.583565626317688,1.4638217672046185,-0.27168170602843567,2.0669286639754179e-07,3.783829234553286,-1.8864126788568492,0
1.3047696827489517,4.781043188724593,1.3653614556349387,-0.2716816952360488,2.067872025050098e-07,3.7837628551969957,-1.8865458186122066,0
1.3569604700589097,4.980703229529532,1.2714056750731224,-0.2716816844044985,2.0753759057693617e-07,3.8255801664606364,-1.8002368886259354,0
1.4091512573688678,5.184495005157575,1.18678456245508,-0.271681673438366,2.101162498014047e-07,3.9047461464364677,-1.6213802661278751,0
1.461342044678826,5.3919830111406934,1.1116809824888008,-0.27168166224906576,2.1439224693161665e-07,3.9755676562390128,-1.4390198699292278,0
1.513532831988784,5.602723105527377,1.0462559723396312,-0.27168164506434866,3.292672537685466e-07,4.037879197627572,-1.2535739259999061,0
1.565723619298742,5.81533194159349,0.9908437068420659,-0.26692722775141353,0.09109686896844255,4.073685165993794,-1.0617250352725178,0
1.6179144066087001,6.02149687680077,0.9429869445012767,-0.2450129546866192,0.41988776552931967,3.9502169986990165,-0.9169580458055007,0
1.6701051939186582,6.219667357006413,0.9014179563233995,-0.21647544657440423,0.5467920601146028,3.7970394856992886,-0.7964813393406378,0
1.7222959812286163,6.409403245526969,0.8655928061952362,-0.1853703156217982,0.5959889198044561,3.6354287471029503,-0.6864267043032032,0
1.7744867685385743,6.590507889964902,0.8352221370198742,-0.15374103224583843,0.6060319264416401,3.4700500561979366,-0.5819162871598909,0
1.8266775558485324,6.762871503973786,0.8101278644045825,-0.12280598061566002,0.5927301200968084,3.3025678073263527,-0.48081805063140465,0
1.8788683431584905,6.9264244029868225,0.7901896464521586,-0.09336878736210215,0.5640304500242938,3.133750369422614,-0.38202562138050217,0
1.9310591304684486,7.081118535301832,0.7753208002757067,-0.0659960854630428,0.5244738259358778,2.964012238334156,-0.284894076959355,0
1.9832499177784066,7.226918798810804,0.7654559409191234,-0.04110703303722227,0.4768859354047657,2.7936015343679967,-0.18901533900987172,0
2.0354407050883645,7.363798442640567,0.7605440020561208,-0.019023421255477502,0.42313237488814803,2.6226782711064267,-0.0941150558590232,0
2.0876314923983226,7.491736412048342,0.7605440020561213,-1.3104036351983958e-18,0.3644976869672133,2.451351589083338,3.141326385465409e-16,0
2.10251992502047,7.527403368813739,0.7605440020561214,0.005106236700026084,0.34296670641006055,2.395615285408796,1.7725534289410672e-19,0
2.1174083576426175,7.562240456001816,0.7605440020561214,0.009898350609824495,0.3218682605091539,2.3398760683682105,2.0119381682537767e-19,0
2.132296790264765,7.596247633440266,0.7605440020561214,0.014382426504536514,0.30117850605990726,2.284134153104983,2.011239277709513e-19,0
2.1471852228869124,7.629424863839896,0.7605440020561214,0.01856422235157453,0.2808754926168173,2.22838973326678,2.0107296973261243e-19,0
2.16207365550906,7.661772112514336,0.7605440020561214,0.02244919456777108,0.2609389661620498,2.1726429836758374,2.010368355191975e-19,0
2.1769620881312073,7.693289347133674,0.7605440020561214,0.0260425207261745,0.2413501978077983,2.116894062606293,2.0101251491637517e-19,0
2.1918505207533547,7.723976537507119,0.7605440020561214,0.02934912002955664,0.22209183379473613,2.061143113734832,2.0099748204364108e-19,0
2.206738953375502,7.753833655390645,0.7605440020561214,0.0323736718215155,0.2031477636846483,2.0053902678183966,2.009899510248705e-19,0
2.2216273859976496,7.782860674316204,0.7605440020561215,0.03512063236754164,0.1845030041604125,1.949635644142791,2.0098825969323226e-19,0
2.236515818619797,7.81105756943963,0.7605440020561215,0.037594250106150334,0.1661435962660711,1.8938793517781247,2.009913194779127e-19,0
2.2514042512419445,7.838424317404804,0.7605440020561215,0.0397985795430289,0.14805651426325744,1.838121490670691,2.009980798265469e-19,0
2.266292683864092,7.864960896221993,0.7605440020561215,0.041737493938204244,0.13022958456292222,1.7823621525957924,2.0100779140011788e-19,0
2.2811811164862394,7.8906672851586235,0.7605440020561215,0.043414696916770905,0.11265141342492252,1.7266014219918877,2.010198522789363e-19,0
2.296069549108387,7.91554346464095,0.7605440020561215,0.04483373311714204,0.09531132231207476,1.6708393766930842,2.0103370434118457e-19,0
2.3109579817305343,7.939589416165331,0.7605440020561215,0.045997997976618084,0.0781992899470237,1.6150760885742448,2.0104890925322542e-19,0
2.325846414352682,7.9628051222179845,0.7605440020561215,0.04691074674191552,0.061305900255723314,1.5593116241207228,2.010651651981245e-19,0
2.3407348469748293,7.985190566202266,0.7605440020561215,0.04757510278184057,0.04462229549514617,1.503546044932885,2.0108220444094333e-19,0
2.3556232795969767,8.006745732372599,0.7605440020561216,0.04799406527026566,0.028140133958885642,1.44777940817403,2.0109975832845078e-19,0
2.370511712219124,8.027470605774354,0.7605440020561216,0.0481705162997485,0.011851551735564634,1.3920117669690322,2.011176764575514e-19,0
2.3854001448412716,8.04736517218902,0.7605440020561216,0.04810722747934532,-0.004250871935910586,1.3362431707599718,2.0113568172511509e-19,0
2.400288577463419,8.066429418084098,0.7605440020561216,0.047806866064255736,-0.02017414611144329,1.2804736656241111,2.0115382682590399e-19,0
2.4151770100855665,8.084663330567261,0.7605440020561216,0.04727200065977384,-0.035924896734007686,1.2247032945588237,2.0117184077498054e-19,0
2.430065442707714,8.102066897344292,0.7605440020561216,0.04650510653749796,-0.051509392676772764,1.168932097737447,2.0118972188057707e-19,0
2.4449538753298614,8.118640106680475,0.7605440020561216,0.045508570597782544,-0.06693356950368215,1.113160112739492,2.0120737061748112e-19,0
2.459842307952009,8.134382947365074,0.7605440020561216,0.04428469600892279,-0.08220305118210713,1.0573873747581755,2.0122474107221923e-19,0
2.4747307405741563,8.149295408678578,0.7605440020561217,0.042835706550481516,-0.09732316995449206,1.0016139167878708,2.0124169240923828e-19,0
2.4896191731963038,8.163377480362499,0.7605440020561217,0.041163750685444145,-0.11229898455195404,0.9458397697937181,2.0125829983301496e-19,0
2.504507605818451,8.176629152591456,0.7605440020561217,0.03927090538347384,-0.1271352969119503,0.8900649628653621,2.012744637360919e-19,0
2.5193960384405987,8.189050415947314,0.7605440020561217,0.037159179715395604,-0.14183666754396088,0.8342895233565407,2.0129013994208581e-19,0
2.534284471062746,8.200641261395242,0.7605440020561217,0.034830518237131236,-0.15640742967129542,0.7785134770120304,2.0130534352324436e-19,0
2.5491729036848936,8.211401680261474,0.7605440020561217,0.032286804179605465,-0.17085170226325905,0.7227368480832776,2.01320021297277e-19,0
2.564061336307041,8.221331664212647,0.7605440020561217,0.029529862459625262,-0.18517340205973332,0.666959659433885,2.0133415198524016e-19,0
2.5789497689291885,8.230431205236572,0.7605440020561217,0.02656146252537267,-0.19937625467954748,0.6111819326359859,2.0134775284238143e-19,0
2.593838201551336,8.238700295624323,0.7605440020561218,0.02338332104893204,-0.21346380489460606,0.5554036880584197,2.013607663480451e-19,0
2.6087266341734834,8.246138927953519,0.7605440020561218,0.01999710447717578,-0.227439426143422,0.49962494494752135,2.0137321514921981e-19,0
2.623615066795631,8.25274709507272,0.7605440020561218,0.016404431451344983,-0.2413063293503724,0.4438457215012399,2.013850609287867e-19,0
2.6385034994177783,8.258524790086827,0.7605440020561218,0.012606875104771594,-0.2550675711104902,0.38806603493723124,2.013963296120061e-19,0
2.6533919320399257,8.263472006343427,0.7605440020561218,0.008605965247383095,-0.2687260612938423,0.33228590155549353,2.0140697223959108e-19,0
2.668280364662073,8.26758873741998,0.7605440020561218,0.00440319044490309,-0.28228457011841923,0.2765053367960555,2.011928188552698e-19,0
2.6831687972842206,8.270874977111816,0.7605440020561218,5.460157491558661e-19,-0.2957457347359057,0.2207243552921751,-6.651799694132093e-18,0
2.725980663556877,8.273930686934667,0.7630502933861937,-0.01415125599510771,-0.33054517887593454,0.07137530056248467,0.05854197792056099,0
2.768792529829533,8.270592493488332,0.7680628882615622,-0.029794882825001454,-0.36540399174061017,-0.07797355586123103,0.11708424116446912,0
2.8116043961021893,8.260860406533707,0.7755818002349532,-0.0469336854099757,-0.4003283219615389,-0.22732218428985201,0.175626820973074,0
2.8544162623748455,8.244734437048677,0.785607044305645,-0.06557068689899778,-0.4353232669262429,-0.3766705562969163,0.23416975113497454,0
2.8972281286475017,8.222214597159557,0.7981386370257242,-0.0857090774635736,-0.47039272794884324,-0.5260186450573746,0.29271306792068214,0
2.940039994920158,8.193300900055112,0.8131765965983881,-0.10735215647193265,-0.505539255647504,-0.6753664257545072,0.35125680989685576,0
2.982851861192814,8.157993359879795,0.8307209429616118,-0.1305032676720724,-0.540763886645286,-0.8247138760654336,0.4098010175844433,0
3.0256637274654703,8.116291991602232,0.850771697848363,-0.15516572708610502,-0.5760659733206828,-0.9740609767390397,0.4683457329109181,0
3.0684755937381265,8.068196810854165,0.8733288848114524,-0.18134274342184928,-0.6114430090253625,-1.1234077122861692,0.5268909983841679,0
3.1112874600107827,8.013707833733731,0.8983925291963623,-0.209037330943707,-0.6468904519480425,-1.2727540718129364,0.5854368558774561,0
3.154099326283439,7.952825076564705,0.9259626580377761,-0.23825221491537926,-0.6824015516074764,-1.4221000500488052,0.6439833448471449,0
3.196911192556095,7.885548555599449,0.9560392998424376,-0.26898972993128945,-0.7179671827467666,-1.5714456486617863,0.7025304996776435,0
3.2397230588287513,7.81187828664574,0.9886224841970163,-0.3012517116859232,-0.7535756920561858,-1.7207908780365995,0.7610783455938559,0
3.2825349251014075,7.7318142845823195,1.023712241092341,-0.33503938297357433,-0.7892127634069369,-1.8701357598735926,0.8196268920361552,0
3.3253467913740637,7.645356562694378,1.0613085997535041,-0.3703532349198115,-0.8248613064736208,-2.0194803313949765,0.8781761211184558,0
3.36815865764672,7.5525051316784735,1.1014115865213625,-0.4071929044935985,-0.8605013698577417,-2.168824653066078,0.936725965470747,0
3.410970523919376,7.453259997940262,1.1440212206600218,-0.44555704882841995,-0.8961100665523809,-2.3181688251137746,0.9952762597942162,0
3.4537823901920324,7.347621160051207,1.1891375047256123,-0.4854432141684958,-0.9316614483949976,-2.467513030529276,1.0538266138237988,0
3.4965942564646886,7.235588598807217,1.2367603960261404,-0.5268476832903719,-0.9671260032950543,-2.6168576845140965,1.1123759706533671,0
3.539406122737345,7.117162228567149,1.2868896639810294,-0.5697651628410145,-1.0024669160020665,-2.766204338905612,1.170919941579527,0
3.582217989010001,6.995684715160486,1.33452490343967,-0.5853459723785787,-0.36393670479896234,-2.8374729714656275,1.112664399053893,0
3.625029855282657,6.8806005664366126,1.3796526283473973,-0.5994162235758835,-0.3286530679997804,-2.6881366953483465,1.0540938491286989,0
3.6678417215553134,6.771909904366902,1.4222730926835665,-0.6119781918750465,-0.29342258100031127,-2.538797570222525,0.995529231655824,0
3.7106535878279696,6.669612768623679,1.4623863729296176,-0.6230337142322465,-0.2582350016416163,-2.3894575184301043,0.9369664006371862,0
3.753465454100626,6.573709178470727,1.499992502706366,-0.6325843458671468,-0.22308374911934775,-2.240117016674063,0.8784043549338881,0
3.796277320373282,6.484199145047485,1.5350914995958498,-0.6406313697412893,-0.18796246402559305,-2.090776254722896,0.8198427199120124,0
3.8390891866459382,6.401082675425313,1.5676833740649212,-0.6471757859379195,-0.15286453888626506,-1.9414353275988623,0.761281329374972,0
3.8819010529185944,6.324359774321729,1.5977681332786122,-0.6522182985011356,-0.1177830588160278,-1.7920942902829438,0.702720106198829,0
3.9247129191912506,6.254030444943766,1.6253457830003657,-0.6557593039915761,-0.0827108416131381,-1.642753178057153,0.6441590176452352,0
3.967524785463907,6.190094689450864,1.6504163286455173,-0.6577988830943746,-0.04764050905440664,-1.4934120153911095,0.5855980555831106,0
4.010336651736563,6.132552509233535,1.67297977591495,-0.6583367957696327,-0.012564569641333496,-1.3440708202454734,0.5270372266822667,0
4.053148518009219,6.081403905097003,1.693036131203094,-0.6573724801591531,0.02252449366113084,-1.1947296062914563,0.4684765471425772,0
4.095960384281875,6.036648877394458,1.710585401877306,-0.6549050553775048,0.057634132694289346,-1.045388384087564,0.4099160396897003,0
4.13877225055453,5.998287426134027,1.7256275964806929,-0.6509333283032533,0.09277164066982213,-0.8960471616938439,0.35135573178678003,0
4.181584116827186,5.966319551073249,1.7381627248878053,-0.6454558045045394,0.12794405559966066,-0.7467059449635832,0.29279565453372447,0
4.224395983099842,5.940745251809389,1.748190798430455,-0.6384707034641053,0.16315805986938167,-0.5973647376403806,0.23423584196922922,0
4.267207849372498,5.921564527870852,1.755711830003901,-0.6299759783036518,0.19841987514286938,-0.44802354133270017,0.1756763306123248,0
4.310019715645153,5.908777378813092,1.7607258341594245,-0.6199693402409676,0.23373515181409898,-0.2986823554087171,0.11711715914440718,0
4.352831581917809,5.902383804321289,1.7632328271865845,-0.6084482880421523,0.2691088523317586,-0.14934117683828993,0.0585583681681496,0
4.395643448190465,5.902383804321289,1.7632328271865845,-0.5954101427524641,0.3045451279010392,-3.8502147710241827e-17,2.1001277658190586e-17,0
4.421380956176049,5.904314345913051,1.7647929173427561,-0.5871000140147163,0.32288008389943945,0.07500887781534377,0.06061543165117322,0
4.447118464161632,5.908184326389999,1.767902030714791,-0.5783186308968011,0.3411901075595284,0.15036344929416376,0.12080087061173343,0
4.472855972147216,5.914003238513341,1.7725482150011727,-0.5690666574353839,0.35947433087148883,0.22608685062289466,0.1805219172339587,0
4.4985934801328,5.921781230229356,1.7787185239071452,-0.5593447876332777,0.37773158953663416,0.302204538231572,0.2397399511028347,0
4.5243309881183835,5.93152917224085,1.7863988903214985,-0.5491537553145515,0.3959603363478197,0.3787445939581459,0.29841142423948525,0
4.550068496103967,5.9432587346611125,1.7955739774051944,-0.5384943468336427,0.4141585303005877,0.4557380779379495,0.35648700289225116,0
4.575806004089551,5.956982474179992,1.806227002670299,-0.527367417456458,0.4323234939224586,0.5332194370397801,0.41391051810733837,0
4.601543512075135,5.972713933395888,1.8183395287822406,-0.5157739124958679,0.45045172854668997,0.6112269775577587,0.4706176728036926,0
4.627281020060718,5.990467754206617,1.8318912130352172,-0.503714894649904,0.46853867331361565,0.6898034114520121,0.5265344360676756,0
4.653018528046302,6.0102598073874445,1.84685950506421,-0.49119157950370707,0.4865783879780326,0.7689964852818657,0.5815750319485917,0
4.678756036031886,6.032107340676524,1.8632192791313467,-0.4782053818842971,0.504563131235711,0.848859699288613,0.6356393974234251,0
4.7044935440174696,6.056029147758584,1.8809423829186853,-0.46475797680549014,0.5224827938407791,0.9294531193719039,0.6886099383540245,0
4.730231052003053,6.0820457603383495,1.8999970786786928,-0.45085138027173904,0.5403241270110856,1.0108442742140584,0.7403473471744381,0
4.755968559988637,6.110179664746141,1.9203473441126804,-0.43648805748121344,0.5580696778635696,1.0931091084479192,0.7906851527889429,0
4.781706067974221,6.140455542695335,1.941951988400182,-0.42167106939029725,0.5756962989274594,1.1763329210486535,0.8394225384836503,0
4.807443575959804,6.172900531932167,1.9647635218227097,-0.40640427383666433,0.5931730283360925,1.2606111382269571,0.886314768131607,0
4.833181083945388,6.207544494728582,1.9887266931365777,-0.390692605545823,0.6104580249044391,1.3460496181611827,0.931060276981393,0
4.858918591930972,6.244420266944484,2.0137765740347655,-0.37454247212711106,0.6274940614980418,1.4327638960445632,0.9732830743450079,0
4.884656099916556,6.283563830978685,2.0398360204601835,-0.3579623234357173,0.6442017891040924,1.5208762268719458,1.012508531906635,0
4.910393607902139,6.3250142993621274,2.0668122715801,-0.34096348382137726,0.6604695226850196,1.610508228172689,1.0481298785813629,0
4.936131115887723,6.368813487185903,2.094592357056003,-0.3235613868472625,0.6761376036818464,1.7017649046795087,1.079361898263967,0
4.961868623873307,6.415004644618525,2.1230368834662365,-0.30577742564065896,0.690974480379576,1.7947020146044155,1.105177953753972,0
4.9876061318588905,6.463629534855172,2.1519717182443237,-0.28764172343327254,0.7046409550429262,1.8892617833817766,1.1242282972498585,0
5.013343639844474,6.514722364581025,2.181177270855982,-0.26919718212230964,0.7166405279522213,1.985150611880228,1.1347467139405123,0
5.039081147830058,6.568298056115253,2.21037598930867,-0.25050496522182836,0.7262636658899391,2.0816192291902897,1.1344811808914577,0
5.064818655815642,6.624331481914438,2.239221406765055,-0.2316505323718286,0.7325663720264183,2.177111545941848,1.1207540944734211,0
5.090556163801225,6.68272588148876,2.2672977325437538,-0.2127465945134946,0.7344898297427608,2.268844349928175,1.0908719598814929,0
5.116293671786809,6.743277817607935,2.2941449726461354,-0.19392584564715792,0.7312576212459638,2.3526728443597835,1.0431173102469595,0
5.142031179772393,6.805662882554813,2.3193175447028875,-0.17531943078219547,0.7229299307215251,2.423896866076667,0.9780500921399413,0
5.1677686877579765,6.869467582050262,2.3424533688524765,-0.1570328496364182,0.7105031752110702,2.4790550635745094,0.8989146953367916,0
5.19350619574356,6.934255693254325,2.3633098450354715,-0.13913788554085976,0.6952873644791937,2.517264345885894,0.810353364229262,0
5.219243703729144,6.9996265192094365,2.381753433762575,-0.12168004832246991,0.6783033240113521,2.5399050285570595,0.7166035164490238,0
5.244981211714728,7.065241634260582,2.397726956731254,-0.10468873945839942,0.6601769244166156,2.5493965883526775,0.6206320743106245,0
5.270718719700311,7.130826723335475,2.4112186402717763,-0.08818407306500353,0.6412690149582811,2.5482299650622684,0.5242031803576314,0
5.296456227685895,7.196162524611888,2.4222409199414665,-0.07218062740063587,0.6217946847585978,2.5385441866792577,0.42825745506768664,0
5.322193735671479,7.261073618840715,2.430817899416765,-0.05668947448089552,0.601890164673969,2.5220427037918856,0.33324824921287477,0
5.3479312436570625,7.325418503642793,2.4369784536329484,-0.04171933585049774,0.58164677943114,2.500043315697862,0.23936094433206995,0
5.373668751642646,7.3890817374235755,2.4407526014006566,-0.027277282793144855,0.5611286479422365,2.4735585829227538,0.14663998433036182,0
5.39940625962823,7.451967983154934,2.4421696781134212,-0.013369183420694384,0.5403825180060554,2.443369644278855,0.05505881585575425,0
5.425143767613814,7.513997554779053,2.4412574768066406,-1.504492344664886e-18,0.5194435851436369,2.410084599443876,-0.03544248756684751,0
5.44045212519886,7.550018038531933,2.440727762809108,0.007288788489671811,0.47613131906404,2.3529946666563033,-0.03460292814495725,0
5.455760482783906,7.58516381477639,2.4402109121815996,0.01397430419330614,0.4367232517592363,2.2958554534152005,-0.03376264400914536,0
5.471068840368952,7.619434336465509,2.439706932968938,0.020103816645248355,0.4004030097866253,2.238680504993983,-0.032921834354985614,0
5.486377197953998,7.65282919230191,2.439215831219625,0.025715655414641915,0.3665866006994508,2.1814786890674505,-0.03208062958970682,0
5.501685555539044,7.685348063924631,2.438737611615449,0.030841531572590387,0.3348416790940261,2.124256076594875,-0.031239118992290538,0
5.51699391312409,7.716990698951848,2.438272277867915,0.035508117837065284,0.3048391206273852,2.0670169775840193,-0.03039736594532367,0
5.5323022707091365,7.747756893273499,2.437819832978646,0.03973816182067501,0.2763225225246849,2.0097645453294497,-0.029555416820872774,0
5.547610628294183,7.777646479002251,2.437380279416578,0.04355129318181646,0.24908820818677457,1.952501146037415,-0.028713306416154338,0
5.562918985879229,7.806659316026161,2.4369536192421855,0.046964623243560676,0.22297167039517052,1.895228594101522,-0.0278710614134777,0
5.578227343464275,7.834795285932712,2.436539854196832,0.04999319983001741,0.1978381135684516,1.8379483070108351,-0.027028702658309693,0
5.593535701049321,7.862054287540335,2.4361389857684848,0.05265035858228745,0.17357569141615345,1.7806614103560998,-0.02618624670348668,0
5.608844058634367,7.888436233547533,2.435751015240992,0.05494799865546732,0.1500905672222061,1.723368810836347,-0.025343706882843132,0
5.624152416219413,7.913941047976533,2.4353759437316747,0.05689680212962898,0.12730323702820937,1.6660712481602549,-0.024501094074468415,0
5.639460773804459,7.938568664193028,2.4350137722204526,0.05850641082154995,0.10514574688883362,1.608769332678289,-0.023658417254121634,0
5.654769131389505,7.962319023351023,2.434664501572709,0.05978557037342735,0.08355955528024624,1.551463573152775,-0.022815683903615828,0
5.6700774889745515,7.985192073156392,2.434328132557476,0.060742248867773095,0.062493869053613975,1.4941543975764333,-0.02197290031697349,0
5.685385846559598,8.007187766872768,2.434004665862055,0.06138373537171038,0.04190433234744554,1.4368421690034467,-0.02113007183323681,0
5.700694204144644,8.028306062514137,2.433694102103889,0.06171672249427048,0.021751982256109244,1.3795271977444745,-0.02028720301580647,0
5.71600256172969,8.04854692218292,2.4333964418402956,0.06174737608213914,0.0020024086645729824,1.322209750871999,-0.019444297792226384,0
5.731310919314736,8.067910311522724,2.4331116855765167,0.06148139447368073,-0.017374927844528914,1.2648900597094717,-0.01860135956431845,0
5.746619276899782,8.0863961992623,2.4328398337724253,0.06092405920464,-0.03640725439972542,1.2075683257905898,-0.01775839129581912,0
5.761927634484828,8.104004556832782,2.432580886848152,0.0600802786614836,-0.05511894652765847,1.1502447256446557,-0.016915395582752443,0
5.777235992069874,8.120735358044216,2.4323348451888442,0.058954625874979794,-0.07353191093494044,1.0929194146717922,-0.016072374710418662,0
5.7925443496549205,8.136588578810539,2.432101709148709,0.057551371412703785,-0.0916659056649424,1.0355925303057418,-0.015229330699906054,0
5.807852707239967,8.151564196914338,2.431881479054474,0.05587451214709189,-0.10953880952258317,0.9782641946140382,-0.014386265346328793,0
5.823161064825013,8.165662191804566,2.431674155208361,0.05392779653271778,-0.12716685010518672,0.9209345164501574,-0.013543180250476317,0
5.838469422410059,8.178882544421707,2.431479737890658,0.05171474691330601,-0.14456479783132542,0.8636035932461469,-0.012700076845175564,0
5.853777779995105,8.191225237045918,2.43129822736195,0.049238679288738235,-0.16174613186372003,0.806271512514659,-0.011856956417379737,0
5.869086137580151,8.202690253164551,2.4311296238650724,0.04650272089979883,-0.17872318266278825,0.7489383531145033,-0.0110138201267794,0
5.884394495165197,8.21327757735609,2.4309739276268107,0.043509825929764566,-0.19550725500153784,0.691604186322531,-0.010170669021565526,0
5.899702852750243,8.222987195188054,2.4308311388594093,0.04026278957421699,-0.21210873455944887,0.6342690767459613,-0.009327504051846076,0
5.915011210335289,8.23181909312683,2.430701257761891,0.0367642606913824,-0.22853718064779188,0.5769330831025072,-0.00848432608111846,0
5.9303195679203355,8.239773258457777,2.4305842845212373,0.03301675321313436,-0.24480140716786458,0.5195962588903864,-0.007641135896122658,0
5.945627925505382,8.246849679214165,2.4304802193134294,0.029022656470165466,-0.26090955354156403,0.46225865296614743,-0.0067979342153386855,0
5.960936283090428,8.25304834411378,2.4303890623043825,0.02478424456268437,-0.2768691470613069,0.40492031004495554,-0.005954721696343745,0
5.976244640675474,8.258369242502186,2.4303108136507796,0.020303684889477387,-0.29268715786884403,0.3475812711353604,-0.0051114989422058835,0
5.99155299826052,8.262812364301777,2.430245473500821,0.015583045932625933,-0.30837004757864467,0.29024157391846617,-0.004268266507060033,0
6.006861355845566,8.266377699965927,2.430193041994899,0.010624304382057975,-0.3239238124024497,0.23290125307973097,-0.003425024900987421,0
6.022169713430612,8.269065240437588,2.4301535192662054,0.005429351673005791,-0.33935402150045046,0.175560340600248,-0.002581774594299134,0
6.037478071015658,8.270874977111816,2.430126905441284,5.162602530107562e-19,-0.35466585117593336,0.11821886601324297,-0.0017385160213081337,0
6.078875370809434,8.269575410929829,2.428363271672739,-0.01628812944655194,-0.3934587407317124,-0.03139253498321717,-0.04260262812624893,0
6.120272670603209,8.262082328372648,2.4249079973620127,-0.03417997385312089,-0.432198343749447,-0.18100413781841698,-0.0834661760051809,0
6.161669970396985,8.248395719411867,2.419761106991536,-0.053672766664249374,-0.47087111739736165,-0.3306159829013423,-0.12432913248246669,0
6.20306727019076,8.228515572282257,2.41292262592036,-0.07476312876010888,-0.5094622644695018,-0.4802281121871454,-0.16519147638233644,0
6.244464569984536,8.202441873426107,2.404392580099947,-0.09744701610878895,-0.5479557232399737,-0.6298405689752533,-0.20605319339440614,0
6.285861869778311,8.170174607449685,2.394170995752722,-0.1217196682608517,-0.5863341878088533,-0.7794533976168821,-0.2469142769732478,0
6.327259169572087,8.13171375709586,2.3822578990126946,-0.14757555911770043,-0.6245791630288078,-0.9290666431245851,-0.2877747292546544,0
6.368656469365862,8.087059303237202,2.3686533155284115,-0.17500835157007416,-0.6626710579925018,-1.0786803506776619,-0.3286345619655325,0
6.410053769159638,8.036211224894055,2.353357270029742,-0.204010857755484,-0.7005893217646749,-1.2282945650187753,-0.3694937972976061,0
6.451451068953413,7.979169499282216,2.3363697858615726,-0.23457500681450832,-0.7383126245258185,-1.3779093297388154,-0.4103524687067577,0
6.492848368747189,7.915934101894915,2.317690884489535,-0.26669182212508546,-0.7758190865242504,-1.5275246864485228,-0.45121062158857234,0
6.534245668540964,7.846505006623798,2.2973205849856475,-0.3003514100493966,-0.8130865561761222,-1.6771406738358383,-0.4920683137635701,0
6.57564296833474,7.770882185923835,2.275258903505734,-0.3355429622257755,-0.8500929372613476,-1.8267573266055086,-0.5329256156758088,0
6.617040268128515,7.6890656110275195,2.2515058527769454,-0.37225477336043644,-0.8868165633397477,-1.97637467428775,-0.5737826101488884,0
6.658437567922291,7.601055252215559,2.2260614416257782,-0.41047427629170485,-0.9232366149884823,-2.125992739874188,-0.6146393914076804,0
6.699834867716066,7.50685107915628,2.198925674603589,-0.4501880957488117,-0.9593335713910185,-2.275611538157492,-0.655496062723142,0
6.741232167509842,7.406453061341707,2.170098551836856,-0.4913821215167024,-0.9950896791119909,-2.425231073396473,-0.6963527309833741,0
6.782629467303617,7.299861168702987,2.139580069460027,-0.5340415998950427,-1.0304893940148985,-2.574851334983653,-0.7372094926205313,0
6.824026767097393,7.187075372738539,2.1073702220226695,-0.5781512352620581,-1.0655196253560486,-2.724472285059697,-0.7780663859192238,0
6.865424066891168,7.068095650493167,2.0734690165599923,-0.6236952395125552,-1.100168476624786,-2.874093789645241,-0.8189231092742634,0
6.906821366684944,6.950410830948357,2.041331693287522,-0.6362043897487978,-0.3021730957950873,-2.842813906488331,-0.7763144802333858,0
6.948218666478719,6.8389199209789115,2.010885841057216,-0.6472862409947686,-0.26769502603252887,-2.693192805445014,-0.7354550268248173,0
6.989615966272495,6.733622948996656,1.9821314451587104,-0.6569442570576357,-0.23330062856706002,-2.543571018080967,-0.6945959287622283,0
7.03101326606627,6.63451992714155,1.955068503948497,-0.6651811967466863,-0.19897287335367086,-2.393948937462047,-0.6537368704004933,0
7.072410565860046,6.541610862559776,1.9296970182776114,-0.6719992174730602,-0.16469723291950575,-2.2443266842187697,-0.6128777914809952,0
7.113807865653821,6.4548957596881715,1.9060169893280592,-0.6773999017930356,-0.13045982097574949,-2.0947043237985112,-0.5720186840087813,0
7.1552051654475965,6.374374621034653,1.8840284178566284,-0.6813842698918743,-0.0962470527954012,-1.945081902796633,-0.5311595582554691,0
7.196602465241372,6.300047447522367,1.863731303851409,-0.6839527867745061,-0.06204551735082251,-1.7954594594950504,-0.4903004327898601,0
7.2379997650351475,6.231914238664239,1.8451256463523389,-0.6851053662453207,-0.02784189975086056,-1.6458370279593117,-0.449441330515661,0
7.279397064828923,6.169974992656681,1.828211443352808,-0.6848413723174677,0.006377080852327764,-1.4962146399913738,-0.4085822767134711,0
7.3207943646226985,6.114229706427911,1.812988691749169,-0.6831596182960747,0.04062472745253043,-1.3465923262258828,-0.3677232978835026,0
7.362191664416474,6.064678375657011,1.799457387323247,-0.6800583636688172,0.07491441815545362,-1.1969701168372149,-0.32686442094845913,0
7.4035889642102495,6.021320994771804,1.7876175247506527,-0.6755353089219428,0.10925965629175419,-1.0473480420509693,-0.2860056726302364,0
7.444986264004025,5.984157556929994,1.7774690976313685,-0.6695875884225998,0.1436741171277412,-0.8977261325483181,-0.2451470789118983,0
7.4863835637978005,5.9531880539862225,1.7690120985410045,-0.6622117615492259,0.17817169018552506,-0.7481044198063409,-0.20428866453834812,0
7.527780863591576,5.928412476446772,1.7622465191022376,-0.653403802303441,0.21276651592405382,-0.598482936396161,-0.16343045252879654,0
7.569178163385351,5.9098308134132305,1.7571723500766452,-0.6431590876966731,0.24747301533681854,-0.4488617162498048,-0.12257246368410507,0
7.610575463179127,5.897443052516199,1.753789581477619,-0.6314723852718451,0.2823059108455474,-0.2992407949006759,-0.08171471607756403,0
7.651972762972902,5.891249179840088,1.7520982027053833,-0.6183378401948613,0.31728023669212424,-0.14962020969885934,-0.040857224520956824,0
7.693370062766678,5.891249179840088,1.7520982027053833,-0.6037489624327301,0.3524113368458143,-7.928438885044899e-21,4.1152928597148687e-19,0
7.717776511596106,5.89332370193231,1.7529208235986458,-0.5946324554209831,0.37352861432077894,0.08499893231990004,0.03370506291232411,0
7.7421829604255334,5.897465738262272,1.7545835660128608,-0.5850038793974032,0.39450950406068047,0.1697107333766717,0.06812717515095316,0
7.766589409254961,5.903667613710379,1.7571051212163322,-0.5748668330504527,0.41534294553855844,0.2541080634651609,0.10331512056892012,0
7.790995858084389,5.911920894502679,1.7605054913896012,-0.564225227121425,0.4360161530831484,0.3381598384091539,0.13932261088180178,0
7.815402306913817,5.92221628050569,1.7648061256788696,-0.5530833330628638,0.45651434735261315,0.42183056105227434,0.17620893229182694,0
7.8398087557432445,5.934543477618458,1.7700300744763353,-0.5414458395025568,0.47682043551848263,0.5050795057863869,0.2140396922950524,0
7.864215204572672,5.948891045741612,1.776202164769961,-0.529317918041433,0.4969146288296026,0.5878597178731867,0.25288768295468406,0
7.8886216534021,5.9652462165914955,1.783349199850769,-0.5167053002584691,0.5167739834300167,0.6701167779133619,0.292833878896399,0
7.913028102231528,5.983594674045624,1.7915001871494973,-0.503614368225883,0.5363718468047614,0.7517872666508135,0.3339685898466501,0
7.937434551060956,6.003920287629634,1.8006865984710811,-0.49005226137421953,0.5556771878795955,0.8327968450495188,0.3763927880613158,0
7.961840999890383,6.026204787018468,1.8109426673517823,-0.47602700321330027,0.5746537834708948,0.9130578374829236,0.4202196293438345,0
7.986247448719811,6.050427361801977,1.8223057285779787,-0.4615476522372938,0.5932592273951887,0.9924661696093368,0.4655761805255166,0
8.010653897549238,6.076564165961649,1.8348166048904988,-0.44662448234402513,0.6114437211887811,1.0708974641226165,0.512605352788377,0
8.035060346378666,6.104587700139542,1.8485200452201433,-0.43126919929302254,0.6291485975005234,1.1482020335586385,0.561468013040962,0
8.059466795208094,6.134466036383288,1.8634652168742125,-0.41549520109774546,0.6463045199864512,1.224198426102871,0.6123451944409588,0
8.083873244037521,6.166161839097519,1.8797062499124197,-0.3993178917153338,0.6628292995622629,1.2986650756014613,0.6654402347393044,0
8.10827969286695,6.199631121960903,1.8973028238007528,-0.3827550587546119,0.6786252713975984,1.3713294833383725,0.7209805085251219,0
8.132686141696377,6.234821663501666,1.9163207714585235,-0.3658273267225679,0.6935761998949174,1.4418542323262138,0.7792181398729502,0
8.157092590525805,6.271670984922587,1.9368326493932773,-0.3485586967027429,0.7075437373340336,1.5098190514505174,0.8404286128681706,0
8.181499039355232,6.310103776457748,1.9589181776209699,-0.33097717976127444,0.7203635835898384,1.574698220284353,0.9049054363477623,0
8.20590548818466,6.350028652902483,1.9826643794709566,-0.3131155223275015,0.7318417176790079,1.6358330834511687,0.9729478473474414,0
8.230311937014088,6.391334146829656,2.0081651377283114,-0.2950120039045668,0.7417514341990917,1.6924008165157154,1.0448368968207982,0
8.254718385843516,6.433883952071487,2.0355197242183025,-0.2767112574606686,0.74983241403938,1.7433837072818477,1.120793388713281,0
8.279124834672944,6.477511681491594,2.0648296758652194,-0.25826502072170354,0.7557935555427479,1.7875492549126135,1.200910130423278,0
8.303531283502371,6.522015889911379,2.0961932731627115,-0.239732680517397,0.7593214536791416,1.8234610340413668,1.2850536969424429,0
8.3279377323318,6.567156863940192,2.129697048561123,-0.22118143828117084,0.7600959224292553,1.8495510897261427,1.3727427383050637,0
8.352344181161227,6.612657469835057,2.16540455602189,-0.20268590511329743,0.7578133671610943,1.8642862061932883,1.4630357619955767,0
8.376750629990655,6.658210467033367,2.203344254691932,-0.18432689092418802,0.7522198054054228,1.866432823417801,1.5544948359835469,0
8.401157078820082,6.703493149035368,2.24350018672211,-0.1661890852653017,0.7431562774924094,1.855357258996297,1.6453000725677185,0
8.42556352764951,6.748186898783249,2.28580948270281,-0.1483574761353752,0.7306105552081176,1.8312270687242695,1.733529374813722,0
8.449969976478938,6.79199629359222,2.330168316909226,-0.13091298106284072,0.7147494170270751,1.7949925904889878,1.817504648727558,0
8.474376425308366,6.834662477947032,2.376444070553035,-0.11392845386614753,0.6959032555450879,1.7481520827957626,1.8960461625213145,0
8.498782874137794,6.875968664101728,2.424489230507777,-0.09746617318290055,0.6745053652950085,1.6924291790001076,1.9685436537909182,0
8.523189322967221,6.915739034042697,2.4741532432758233,-0.0815771438440626,0.6510176654491471,1.6295025228339173,2.0348725500845815,0
8.547595771796649,6.953833821884354,2.525290697752719,-0.06630180941027916,0.6258728805874275,1.560849270120973,2.0952435495342527,0
8.572002220626077,6.990143060684111,2.5777659770864276,-0.05167152094947941,0.5994435553917876,1.487690366325569,2.150057949866011,0
8.596408669455505,7.024580512054139,2.631455287936018,-0.03771022055624904,0.5720332560793057,1.4109980362446792,2.1998001931709146,0
8.620815118284932,7.057078448431899,2.6862470333369135,-0.02443602080881588,0.5438808341272532,1.3315307198061903,2.2449699988648755,0
8.64522156711436,7.087583445607603,2.742041269759454,-0.011862544702115244,0.5151702402334117,1.2498744651012945,2.2860448405450855,0
8.669628015943788,7.116053104400635,2.798748731613159,-1.749029628951637e-18,0.48604140590138833,1.1664809981985544,2.323462223038841,0
8.692201930225622,7.140614990075841,2.8519114146152957,0.010357072752111923,0.4588071267926582,1.088064983704347,2.3550493874657215,0
8.714775844507455,7.163375140814823,2.9057024726997738,0.020063449642035755,0.4299820035081362,1.0082500737277,2.3828857243320956,0
8.73734975878929,7.184301633873278,2.9600206642962585,0.029078433573887775,0.3993540428700377,0.9270210206873732,2.406237169076031,0
8.759923673071123,7.203364038731278,3.0147441230998817,0.03735646256425162,0.36670773561967207,0.8444439285100116,2.4241900682533246,0
8.782497587352957,7.2205366749130695,3.06972557647052,0.04484780757546093,0.33185848575840105,0.7607292190176878,2.435618948676697,0
8.80507150163479,7.235804073492718,3.1247872505388226,0.05150084284303012,0.2947222703385198,0.6763292528285585,2.4391726388636594,0
8.827645415916624,7.249169520129133,3.179716649659863,0.05726705899961012,0.2554371423843096,0.5920748377772955,2.433313001690824,0
8.850219330198458,7.260667078105975,3.234265680889755,0.06210987231068394,0.21453139453847528,0.5093293893693184,2.416463115295428,0
8.872793244480292,7.270375681696245,3.2881569198071734,0.0660165033008812,0.1730595297485071,0.4300806439263383,2.387323626934596,0
8.895367158762125,7.278430473241738,3.3411003903296423,0.06900819183221846,0.13252856788531345,0.3568185581344258,2.3453385115879053,0
8.91794107304396,7.285023793542823,3.39281960401697,0.07114145037849276,0.09450104752063435,0.2920769618758665,2.29110525722817,0
8.940514987325793,7.290391111625658,3.443078101083143,0.07249805569762051,0.06009614912994834,0.23776638893121554,2.2263970899640686,0
8.963088901607627,7.294786327007091,3.4916952268073222,0.07317009616773458,0.02977066634185393,0.1947032901144073,2.1536861138567884,0
8.98566281588946,7.298457343507272,3.538546915066536,0.07324772907806663,0.00343905400555733,0.16262206254302855,2.075479142618947,0
9.008236730171294,7.301629942404025,3.5835561567146788,0.07281244470956495,-0.019282626976748353,0.14054270150683065,1.993860749456424,0
9.030810644453128,7.304501029104704,3.626680317611112,0.0719348529359894,-0.038876366881652434,0.1271860371592261,1.9103537099517243,0
9.053384558734962,7.307238319977196,3.6678998503462426,0.07067501640480049,-0.05580939643253323,0.12125902660553996,1.8259807413329987,0
9.075958473016795,7.309983207246801,3.707209866230607,0.06908379740102502,-0.07048928173949863,0.12159553878588102,1.741391209055807,0
9.09853238729863,7.312854652258174,3.7446143912426266,0.06720439224853424,-0.08325561659473663,0.12720190993563926,1.6569800232705116,0
9.121106301580463,7.315953027488348,3.7801226396421104,0.06507371933144188,-0.09438650694297128,0.1372546733140693,1.572977019234043,0
9.143680215862297,7.319363484773267,3.813746662340419,0.06272357229820306,-0.1041089730339806,0.15107957097471372,1.4895078575436693,0
9.16625413014413,7.323158752364189,3.8454998883226787,0.06018154661190682,-0.11260898994118697,0.168126251545836,1.4066335853774752,0
9.188828044425964,7.3274013988778455,3.87539623299391,0.05747177595293159,-0.12003991089644048,0.18794465420073206,1.3243757506109424,0
9.211401958707798,7.332145645736237,3.903449562655741,0.05461551733669708,-0.12652916904770284,0.21016500723620873,1.2427321780169565,0
9.233975872989632,7.337438813899599,3.9296733816730622,0.051631618209623795,-0.132183505696864,0.23448162765558317,1.1616868341891746,0
9.256549787271465,7.343322480572454,3.9540806585141124,0.04853689190850015,-0.13709302970172485,0.260640073289828,1.0812159794853093,0
9.2791237015533,7.349833407946709,3.97668373807728,0.04534642180535458,-0.14133437663104229,0.2884270442850929,1.0012919904350412,0
9.301697615835133,7.357004293153359,3.9974943072463223,0.042073809638975126,-0.14497318123570022,0.3176624628375188,0.9218857177015803,0
9.324271530116967,7.364864377745455,4.0165233928317114,0.038731379851863194,-0.1480660263604223,0.3481932505795084,0.8429679207518889,0
9.3468454443988,7.37343994637757,4.03378137872698,0.03533034898070637,-0.15066199103510286,0.3798884201051822,0.7645101190606154,0
9.369419358680634,7.38275473761577,4.04927803395226,0.03188096707080328,-0.1528038897834817,0.41263518244575087,0.6864850744007077,0
9.391993272962468,7.392830284642817,4.063022546332641,0.028392636523293553,-0.15452927232548788,0.4463358415051318,0.6088670404601141,0
9.414567187244302,7.4036861996731655,4.075023558522112,0.024874012604232682,-0.1558712359376885,0.48090530046377067,0.5316318667484293,0
9.437141101526136,7.415340412874894,4.085289204342017,0.021333088947270335,-0.15685909022042635,0.516269046485496,0.45475701252955697,0
9.45971501580797,7.427809374285886,4.093827144211186,0.01777727069433982,-0.15751890472057084,0.5523615114028477,0.3782215065838626,0
9.482288930089803,7.441108225436468,4.1006445989639975,0.014213437388313273,-0.15787396290835165,0.5891247297454836,0.3020058757952128,0
9.504862844371637,7.455250946019883,4.105748381684848,0.010647997319183061,-0.15794514077691318,0.6265072333864818,0.2260920572803749,0
9.52743675865347,7.470250479887614,4.109144927398442,0.007086934702402115,-0.15775122436992164,0.6644631356557278,0.15046330340357722,0
9.550010672935304,7.486118843815341,4.110840320587158,0.0035358508133804785,-0.1573091775173144,0.7029513680973434,0.0751040855187582,0
9.572584587217138,7.502867221832275,4.110840320587158,2.5396534268538802e-18,-0.15663436873355738,0.7419350409428892,-6.656252151149416e-20,0
9.59106428451695,7.517858066468274,4.110840320587158,-0.002859697701692497,-0.15474808138343904,0.8112061790185117,-8.067456398485701e-21,0
9.609543981816762,7.53412902067834,4.110840320587158,-0.005684528851549464,-0.15286133230579643,0.8804773122680821,-8.063420552512535e-21,0
9.628023679116573,7.551680084359587,4.110840320587158,-0.008474483691315165,-0.15097405517536303,0.9497484399501703,-8.067525496063473e-21,0
9.646503376416385,7.570511257391995,4.110840320587158,-0.01122955089672575,-0.14908616525005186,1.019019561137515,-8.072210364469642e-21,0
9.664983073716197,7.590622539633725,4.110840320587158,-0.013949717115217326,-0.1471975527715686,1.0882906746494645,-8.077751282242229e-21,0
9.683462771016009,7.612013930914563,4.110840320587158,-0.016634966320681864,-0.14530807306524307,1.1575617789506323,-8.084587120098775e-21,0
9.70194246831582,7.6346854310264565,4.110840320587158,-0.019285278883612797,-0.1434175311387817,1.226832871993243,-8.093422797117625e-21,0
9.720422165615632,7.658637039709304,4.110840320587158,-0.021900630178745613,-0.14152565665453515,1.296103950960922,-8.10553493275113e-21,0
9.738901862915444,7.683868756628638,4.110840320587158,-0.02448098839983096,-0.1396320610247068,1.36537501182944,-8.123288194913805e-21,0
9.757381560215256,7.710380581338422,4.110840320587158,-0.02702631092083209,-0.13773615875337644,1.43464604856132,-8.151648218423237e-21,0
9.775861257515068,7.73817251321407,4.110840320587158,-0.02953653774997543,-0.13583701012077656,1.5039170514948017,-8.202620279978031e-21,0
9.79434095481488,7.767244551318477,4.110840320587158,-0.03201157844234536,-0.1339329672026178,1.573188003718231,-8.312854016915313e-21,0
9.812820652114691,7.797596694089312,4.110840320587158,-0.03445128156392636,-0.13202072966887504,1.6424588713985364,-8.657726134892268e-21,0
9.831300349414503,7.829228938400392,4.110840320587158,-0.036855343017435274,-0.13009203638489664,1.7117295699103743,-1.2432078129815393e-20,0
9.849780046714315,7.862141274861309,4.110840320587158,-0.0392228449315508,-0.12811367392580206,1.780999760274933,-7.263579251682e-20,0
9.868259744014127,7.894297119409382,4.110840320587158,-0.03724233836693869,0.10717202411277284,1.7400633801724261,6.624025898688647e-20,0
9.886739441313939,7.925172870031602,4.110840320587158,-0.03529471207832023,0.10539275925468591,1.6707930937016033,-1.1391767797002828e-20,0
9.90521913861375,7.9547685182312025,4.110840320587158,-0.033380894410221996,0.10356325848030942,1.6015223474414078,-8.507907885408838e-21,0
9.923698835913562,7.983084061176917,4.110840320587158,-0.03150119279103399,0.10171712169804953,1.532251447971685,-8.23468572710252e-21,0
9.942178533213374,8.01011949745348,4.110840320587158,-0.029655761114350497,0.09986265720393314,1.462980471917209,-8.156544886040808e-21,0
9.960658230513186,8.0358748262119,4.110840320587158,-0.02784469193947045,0.098003184007703,1.3937094499205898,-8.122635416614654e-21,0
9.979137927812998,8.060350046886262,4.110840320587158,-0.026068047150189167,0.09614036206639769,1.3244383973005998,-8.104816822887695e-21,0
9.99761762511281,8.0835451590724,4.110840320587158,-0.02432587108326257,0.09427514091068998,1.2551673228096774,-8.094371522523396e-21,0
10.016097322412621,8.105460162467221,4.110840320587158,-0.02261819709076517,0.0924081149594828,1.1858962319174597,-8.087788911245341e-21,0
10.034577019712433,8.126095056835013,4.110840320587158,-0.020945051185963157,0.09053968134094406,1.1166251282699666,-8.08342632667879e-21,0
10.053056717012245,8.145449841987219,4.110840320587158,-0.019306454231472616,0.08867011877447167,1.0473540144191251,-8.08040700968303e-21,0
10.071536414312057,8.16352451776958,4.110840320587158,-0.01770242333247926,0.08679963058754991,0.9780828922206689,-8.078255271978428e-21,0
10.090016111611869,8.180319084053552,4.110840320587158,-0.016132972766306333,0.0849283698055469,0.9088117630662315,-8.07667352306465e-21,0
10.10849580891168,8.19583354073037,4.110840320587158,-0.014598114626676116,0.08305645459062226,0.8395406280261672,-8.07547817249262e-21,0
10.126975506211492,8.210067887706806,4.110840320587158,-0.013097859284559704,0.08118397816677105,0.7702694879413612,-8.07455753297176e-21,0
10.145455203511304,8.223022124902068,4.110840320587158,-0.011632215726743689,0.07931101543697856,0.7009983434844332,-8.073824331971178e-21,0
10.163934900811116,8.234696252245456,4.110840320587158,-0.01020119181031509,0.07743762753317496,0.631727195201815,-8.073239435310077e-21,0
10.182414598110928,8.24509026967459,4.110840320587158,-0.008804794457780889,0.07556386502870191,0.5624560435434496,-8.07274856113754e-21,0
10.20089429541074,8.25420417713401,4.110840320587158,-0.007443029809298373,0.07368977025919286,0.4931848888842421,-8.072337934342099e-21,0
10.219373992710551,8.2620379745741,4.110840320587158,-0.0061159033432888815,0.0718153790334569,0.42391373153986306,-8.07198021833036e-21,0
10.237853690010363,8.268591661950197,4.110840320587158,-0.004823419973325217,0.06994072191739145,0.3546425717786018,-8.07166779857082e-21,0
10.256333387310175,8.273865239221882,4.110840320587158,-0.0035655841269284128,0.06806582521292996,0.28537140983039716,-8.071385465864517e-21,0
10.274813084609987,8.277858706352415,4.110840320587158,-0.0023423998103723215,0.06619071171520692,0.2161002458938147,-8.071135372767882e-21,0
10.293292781909798,8.28057206330824,4.110840320587158,-0.0011538706625251825,0.06431540130580392,0.14682908014150803,-8.008132547260654e-21,0
10.31177247920961,8.282005310058594,4.110840320587158,-9.122026156097814e-19,0.06243991142306045,0.07755791272454107,3.535568372466419e-19,0
10.346586178474997,8.280266443027898,4.109872800704234,0.0020547243819819547,0.05902057021630249,-0.04994778111458095,-0.02779135522338589,0
10.381399877740384,8.274083659103406,4.107960861589785,0.003990160814078786,0.05559410441685413,-0.1775962926938638,-0.05491915983631759,0
10.41621357700577,8.26345174727214,4.105129365781007,0.005806052054161747,0.052160249510985905,-0.30539448710172007,-0.08133280485916493,0
10.451027276271157,8.248365246398004,4.101405144579593,0.007502130897046134,0.048718719316643656,-0.43334954895568667,-0.10697573886143416,0
10.485840975536544,8.228818435169254,4.096817238166635,0.009078119415243344,0.04526920584288938,-0.5614689516257485,-0.13178451327406987,0
10.52065467480193,8.204805323971517,4.0913971757984795,0.010533728218502094,0.041811379829606664,-0.6897604019235165,-0.15568763109136596,0
10.555468374067317,8.17631964993426,4.085179304660605,0.011868655768907868,0.038344892343372426,-0.818231748947704,-0.17860414920213755,0
10.590282073332704,8.143354876972488,4.078201178211491,0.013082587807820924,0.034869377989946125,-0.9468908405993047,-0.20044196957986232,0
10.62509577259809,8.105904203488763,4.070504017809112,0.014175196980164733,0.03138446058302547,-1.0757453035437823,-0.22109573428847745,0
10.659909471863477,8.063960581651,4.062133265335354,0.015146142785660196,0.027889762535544038,-1.204802210705223,-0.24044421162908333,0
10.694723171128864,8.01751675403469,4.053139249779379,0.015995072053630755,0.024384919898892056,-1.3340675824843475,-0.2583470227456552,0
10.72953687039425,7.966565316257792,4.043577997823337,0.01672162024091708,0.020869606006182536,-1.4635456401370277,-0.2746405052550264,0
10.764350569659637,7.911098818596978,4.033512228127038,0.017325414012211087,0.017343568308879294,-1.5932376860612176,-0.28913243661830956,0
10.799164268925024,7.851109926366588,4.023012582287599,0.017806075813256068,0.013806685620533308,-1.7231404158774233,-0.3015952358122144,0
10.83397796819041,7.7865916695898045,4.0121591638722585,0.018163231547505397,0.010259057261531418,-1.8532433535706458,-0.31175711413502144,0
10.868791667455797,7.717537829787945,4.001043482652154,0.01839652311372159,0.006701142686325965,-1.983524912864307,-0.31929043608291396,0
10.903605366721184,7.643943540054124,3.9897709372262624,0.018505628623681877,0.003133982089308401,-2.1139462707714394,-0.32379625445605387,0
10.93841906598657,7.5658062218947375,3.9784640196333023,0.01849029488790178,-0.0004404512046596492,-2.244441694165924,-0.3247835717419067,0
10.973232765251957,7.483127062837511,3.96726649498908,0.0183503897444099,-0.00401868076200055,-2.3749030066285375,-0.3216413331678254,0
11.008046464517344,7.395913378283228,3.9563489010954043,0.018085986900822453,-0.007594793117844224,-2.5051541891440237,-0.31360051140932876,0
11.04286016378273,7.304182446193411,3.945915822717866,0.017697504666041454,-0.011158889832981682,-2.6349090738835153,-0.2996831304253558,0
11.077673863048117,7.2079678364892645,3.9362154891433327,0.017185934586169453,-0.01469450505596321,-2.7636996853077593,-0.2786355308175597,0
11.112487562313504,7.107330012727987,3.9275521990936624,0.01655321924562818,-0.018174320853353396,-2.8907535218855176,-0.24884715593220075,0
11.14730126157889,7.002374225823499,3.92030152463511,0.015802869602006775,-0.021553286765116725,-3.0147840970419515,-0.20827072708591476,0
11.182114960844277,6.893280405515803,3.914926212133817,0.014940931334735794,-0.02475859461818164,-3.1336463119322557,-0.15440222138751922,0
11.216928660109664,6.780350583689638,3.9119851184642465,0.013977332334718158,-0.027678730509851576,-3.2438328649103534,-0.08448092939363552,0
11.25174235937505,6.6640738226407885,3.912116217359285,0.012927262034110458,-0.030162560220991546,-3.3399714337298154,0.0037657272224642328,0
11.286556058640437,6.545184687223387,3.915964293600666,0.01181144491857456,-0.03205109307775629,-3.4150101232019137,0.11053339123908182,0
11.321369757905824,6.424651533065795,3.924047658727048,0.010654032534982415,-0.033245889061347574,-3.462233451227472,0.2321892041624823,0
11.35618345717121,6.30354555272289,3.9366379488253713,0.00947903682383347,-0.033750958270533434,-3.478687496542949,0.3616475802340687,0
11.390997156436597,6.1828603013544665,3.953751899213378,0.008307868514456767,-0.03364101873945793,-3.466602340889871,0.4915866670056091,0
11.425810855701984,6.063404432180884,3.9752395359586847,0.00715852208938692,-0.03301419985013193,-3.431289167605173,0.6172178538541776,0
11.46062455496737,5.945790988724656,4.000879999470039,0.006045591783511545,-0.03196817141986177,-3.378366733154586,0.7365049981013465,0
11.495438254232758,5.83047327927884,4.0304409342617795,0.0049806703069269695,-0.030589150221200016,-3.3124233241272485,0.8491178879439559,0
11.530251953498144,5.717787060298702,4.0637053450852285,0.003972899802533293,-0.028947527141870415,-3.236835537675165,0.9554977358158087,0
11.565065652763531,5.607984581649805,4.100480383595399,0.0030295108347378856,-0.02709821098309378,-3.154002044191538,1.056338145217881,0
11.599879352028918,5.501258970975961,4.14059807648123,0.0021562731210022557,-0.02508316358680842,-3.065621089567973,1.1523536347003087,0
11.634693051294304,5.397761034867597,4.183913043662259,0.001357845066114161,-0.02293430665904391,-2.9729083174814637,1.2441931795537564,0
11.669506750559691,5.297610770383232,4.230299416581231,0.0006380358901069591,-0.020676032458374263,-2.8767487109288976,1.332417235105255,0
11.704320449825078,5.2009053230285645,4.2796478271484375,-3.4128546082664354e-19,-0.018327150046399548,-2.7777986653322184,1.4174997661415258,0
11.728666125969795,5.135001649205617,4.315559656983643,-0.000404902216552001,-0.016631381036417064,-2.7069970631005966,1.475080405314513,0
11.753011802114512,5.070900733933589,4.352770102150866,-0.0007683575307177982,-0.0149289472186076,-2.6329486554817567,1.5284211022127434,0
11.77735747825923,5.008680419715367,4.391163628039214,-0.0010903847617735236,-0.013227286403610646,-2.5557028627329306,1.577016208550816,0
11.801703154403947,4.9484155037981,4.430612027527846,-0.0013712363894117648,-0.011535996206011473,-2.4753847689025674,1.6203452002786873,0
11.826048830548665,4.890175608975169,4.470974555745597,-0.0016114526859651464,-0.00986689772448593,-2.3922069149666214,1.657893088605382,0
11.850394506693382,4.83402288493194,4.512098701520681,-0.0018119112184800299,-0.008233845358136876,-2.306476259252058,1.6891765720791778,0
11.8747401828381,4.7800097247823,4.553821688996292,-0.0019738637802264297,-0.00665221046988837,-2.218593553474194,1.7137740281928893,0
11.899085858982817,4.728176731549579,4.595972718004465,-0.002098952498120286,-0.005138026035929167,-2.1290430762576222,1.7313558579197699,0
11.923431535127534,4.678551180161258,4.63837583925441,-0.0021891987886080927,-0.003706871394795461,-2.0383722798797073,1.7417105607537475,0
11.947777211272252,4.631146177006619,4.680853246643991,-0.0022469630580177953,-0.0023726705746982216,-1.94716313783407,1.7447618680657873,0
11.972122887416969,4.585960623984992,4.723228688390069,-0.0022748785430326945,-0.0011466300976387639,-1.8559991003343759,1.7405736235948668,0
11.996468563561686,4.542979970742411,4.765330678470775,-0.0022757676506110084,-3.6520143167493644e-05,-1.7654327194320725,1.7293415812500108,0
12.020814239706404,4.502177622995051,4.806995236464641,-0.0022525518699746017,0.0009535894792326409,-1.6759587002151624,1.7113740339845411,0
12.045159915851121,4.463516797935454,4.848067979612683,-0.0022081660774089,0.001823148895182073,-1.587995536857827,1.6870652063181377,0
12.069505591995839,4.426952593885923,4.888405503844878,-0.002145485384341028,0.0025746129495554625,-1.5018767124061043,1.6568660485097546,0
12.093851268140556,4.392434064862634,4.9278760896898826,-0.0020672689102819546,0.003212746016751967,-1.4178504970698669,1.6212565060991024,0
12.118196944285273,4.359906143189841,4.966359835875975,-0.0019761213135332514,0.0037438925995276423,-1.336086189573775,1.580722012292269,0
12.14254262042999,4.329311314305601,5.00374835433495,-0.0018744703791230422,0.00417531777741431,-1.2566842959043838,1.5357354725630308,0
12.166888296574708,4.3005910023380505,5.039944162040459,-0.0017645576319339465,0.004514672196234995,-1.1796884094255182,1.4867448121116627,0
12.191233972719425,4.2736866654915575,5.074859888554219,-0.0016484385959741011,0.004769595852241003,-1.105097130454163,1.434165406054532,0
12.215579648864143,4.248540625637621,5.108417393480789,-0.001527989596090288,0.004947449360939167,-1.0328749838148272,1.3783763789140584,0
12.23992532500886,4.2250966692120935,5.140546862435972,-0.0014049185656818792,0.005055149410385746,-0.9629618124454689,1.3197197220647217,0
12.264271001153578,4.203300460259052,5.171185927617145,-0.0012807779551639858,0.005099082472795929,-0.8952804934839208,1.258501304258128,0
12.288616677298295,4.183099804707624,5.20027884119182,-0.001156978406201022,0.005085073350481889,-0.8297430488826302,1.1949930411354834,0
12.312962353443012,4.164444800391854,5.2277757165696075,-0.0010348023162488906,0.005018389681431898,-0.7662553385201114,1.1294356835414259,0
12.33730802958773,4.147287901711059,5.2536318435426965,-0.0009154167609428737,0.004903768315833884,-0.7047205663465641,1.06204185167805,0
12.361653705732447,4.131583922234616,5.277807077388426,-0.0007998854834035284,0.004745453642470098,-0.6450418293209462,0.992999073101303,0
12.385999381877165,4.1172899935189005,5.300265298471162,-0.0006891798212876255,0.004547241220898488,-0.5871239159983845,0.9224726784846121,0
12.410345058021882,4.104365494137013,5.320973936947075,-0.0005841885454603524,0.0043125224866698,-0.5308745300422772,0.850608475723367,0
12.4346907341666,4.092771959448641,5.339903556317181,-0.00048572664606660117,0.004044327986968508,-0.4762050813235162,0.7775351671312659,0
12.459036410311317,4.08247297988963,5.3570274893949685,-0.00039454313596432153,0.003745367742520714,-0.4230311574750027,0.7033665023718708,0
12.483382086456034,4.073434093432112,5.372321520479842,-0.00031132795767186593,0.0034180680708066034,-0.37127276333541637,0.628203176365328,0
12.507727762600751,4.065622676243971,5.3857636079728834,-0.00023671808493283382,0.003064604667191467,-0.3208543949121289,0.5521344904589632,0
12.532073438745469,4.059007834356689,5.3973336422185465,-0.00017130290826829051,0.002686932015184061,-0.27170499796196024,0.4752397993338491,0
12.556419114890186,4.053560298244203,5.407013233931419,-0.00011562898844814252,0.002286809349192338,-0.22375784842059473,0.3975897672890874,0
12.580764791034904,4.049252321549204,5.414785529128145,-7.020425456855875e-05,0.0018658234673609886,-0.17695038204690935,0.3192474569416686,0
12.605110467179621,4.04605758470896,5.420635047007167,-3.550171554050689e-05,0.0014254087182369005,-0.13122399317457611,0.2402692718103178,0
12.629456143324338,4.043951103885029,5.424547537692416,-1.196274596727466e-05,0.0009668644827652538,-0.0865238168539197,0.16070577222801397,0
12.653801819469056,4.042909145355225,5.426509857177734,2.6001374109659616e-19,0.0004913704551134791,-0.04279850449053675,0.08060238186254243,0
12.678147495613773,4.042909145355225,5.426509857177734,1.2946467951629565e-19,-4.461375459282019e-20,-1.4216384142464338e-18,-3.2505769893144237e-19,0
