0,1.7937235832214355,5.448779106140137,-1.0075912648440464e-20,-2.306825783179058e-21,7.951142477694883e-18,-8.085922184184274e-19,0
0.016827117299353902,1.7932510670848554,5.445242541032125,-8.579058061338954e-08,-5.0983528007457855e-06,-0.028080634857143176,-0.21017058626835178,0
0.033654234598707804,1.7923203352402624,5.438167529695743,-2.5569510954580637e-07,-1.0097066889496383e-05,-0.055311425482900765,-0.42045296354200357,0
0.0504813518980617,1.790947486950859,5.427552024698218,-5.078254486335778e-07,-1.4983572919667705e-05,-0.08158547093857843,-0.6308570154160367,0
0.06730846919741561,1.7891507812759477,5.413393793904894,-8.400393838553332e-07,-1.9742771700283497e-05,-0.10677441910888777,-0.8413937183326996,0
0.08413558649676951,1.7869511011278438,5.395690401424543,-1.2498858576169196e-06,-2.4356309310866323e-05,-0.13072233995739926,-1.0520751811144142,0
0.10096270379612342,1.7843725598809275,5.374439189537523,-1.7345333187988076e-06,-2.880157382576072e-05,-0.1532372539544406,-1.2629145865546776,0
0.11778982109547732,1.7814433095064195,5.349637265103894,-2.2906741801498036e-06,-3.3050275424245446e-05,-0.17407915582946712,-1.4739259251839447,0
0.13461693839483121,1.7781966409173842,5.3212814976742315,-2.914394587406867e-06,-3.706638493976436e-05,-0.1929426491350273,-1.6851232998032126,0
0.15144405569418512,1.774672520595282,5.289368544227162,-3.6009923198932933e-06,-4.080305142336284e-05,-0.20943101895687602,-1.8965193431138145,0
0.16827117299353903,1.7709198012039022,5.2538949319647665,-4.344714419271749e-06,-4.419783175766564e-05,-0.22301617826916367,-2.1081217674615345,0
0.18509829029289293,1.766999516121553,5.214857267707701,-5.138365443597799e-06,-4.716500219204982e-05,-0.23297425296424934,-2.319925841282703,0
0.20192540759224684,1.7629900027550958,5.172252731113411,-5.972696850949913e-06,-4.958255133617858e-05,-0.23827690121473083,-2.5318975220982254,0
0.21875252489160074,1.7589952950474637,5.126080237927057,-6.835403761548493e-06,-5.12688474938058e-05,-0.237397032217491,-2.7439336378862773,0
0.23557964219095465,1.7551597857780898,5.076343312059166,-7.709365206102373e-06,-5.1937680648932576e-05,-0.22793620565839806,-2.9557603351229997,0
0.25240675949030855,1.7516959793440205,5.023057816278479,-8.569294202165643e-06,-5.1103761906894335e-05,-0.20584669212543327,-3.1666443415553487,0
0.26923387678966243,1.74894232770859,4.966275726279872,-9.374693483443671e-06,-4.786317626087091e-05,-0.1636436940713656,-3.374439542344479,0
0.2860609940890163,1.7474947585338079,4.906173304276718,-1.0053557840576436e-05,-4.034347327837167e-05,-0.08602597515878678,-3.571759852500826,0
0.3028881113883702,1.7484591157328107,4.843441622499305,-1.0469302786228225e-05,-2.470684302289012e-05,0.057309709193945214,-3.728011201290014,0
0.31971522868772406,1.7529691773985603,4.780312029581619,-1.046934341168223e-05,-2.4142848278409774e-09,0.2680234282266986,-3.751658218969564,0
0.33654234598707794,1.761029554702945,4.717536908688893,-1.0469364163167114e-05,-1.2332168669395803e-09,0.47901117945438454,-3.730592696060726,0
0.3533694632864318,1.7725236878065147,4.655731193797022,-1.0553282364429663e-05,-4.987081255083802e-06,0.6830720258903344,-3.6729829472478475,0
0.3701965805857857,1.7868661089400593,4.5960743672765005,-1.0653223466668833e-05,-5.939288379526502e-06,0.8523397607793782,-3.5452790551834634,0
0.3870236978851396,1.8035625480737354,4.539098789286964,-1.073031709910063e-05,-4.581511560097435e-06,0.9922340729336125,-3.3859381245126783,0
0.40385081518449345,1.8222768373972569,4.48506579408298,-1.0762132774708027e-05,-1.890738326753922e-06,1.1121506429526389,-3.211066651686813,0
0.4206779324838473,1.8427785824072938,4.43412076379108,-1.0734639395066938e-05,1.63387341702448e-06,1.218375354810163,-3.0275554264930613,0
0.4375050497832012,1.86490332601377,4.386353218246796,-1.0638388890166054e-05,5.719963983529139e-06,1.3148267295505665,-2.8387242267641275,0
0.4543321670825551,1.8885288715439013,4.341822667249997,-1.0466640056863741e-05,1.0206669998394537e-05,1.4040162144134545,-2.6463564854631287,0
0.47115928438190896,1.913561273703874,4.300571033663234,-1.0214362744966364e-05,1.499230720296158e-05,1.4876227291132165,-2.4514973570869745,0
0.48798640168126284,1.9399262458326927,4.262629204609316,-9.877669574286345e-06,2.000896319216954e-05,1.5668145446298805,-2.254802672313418,0
0.5048135189806168,1.9675636666399652,4.228020756151273,-9.453471080781296e-06,2.5209219496711207e-05,1.642433478985575,-2.0567069119656733,0
0.5216406362799707,1.9964239302303244,4.196764204154506,-8.939255496820925e-06,3.0558744840362214e-05,1.7151044398717552,-1.8575107928893302,0
0.5384677535793246,2.0264654367446386,4.168874434245051,-8.332942029444262e-06,3.603192730982453e-05,1.7853032090930492,-1.6574300525332786,0
0.5552948708786786,2.0576528151831144,4.144363648767583,-7.632779568641332e-06,4.160917454443879e-05,1.8533999545888735,-1.4566241526352826,0
0.5721219881780325,2.0899556318815677,4.123242016175829,-6.8372746211820036e-06,4.727517692371245e-05,1.9196880917745982,-1.255213963033555,0
0.5889491054773864,2.1233474305814792,4.105518129797122,-5.945138699340365e-06,5.3017751404016005e-05,1.9844039894584768,-1.0532930901590556,0
0.6057762227767404,2.1578050047631705,4.091199340321275,-4.9552490480266795e-06,5.8827048845225036e-05,2.047740772748308,-0.8509353813321805,0
0.6226033400760943,2.1933078363837075,4.080292002180699,-3.866618754449282e-06,6.469499642680505e-05,2.109858212132144,-0.648200042023436,0
0.6394304573754482,2.229837656250999,4.07280165970654,-2.6783736077667924e-06,7.061489651016022e-05,2.1708899520603993,-0.4451352148383938,0
0.6562575746748022,2.2673780949150975,4.068733190215338,-1.3897339122076865e-06,7.6581132264542e-05,2.2309488901916152,-0.2417805390445123,0
0.6730846919741561,2.3059144020080566,4.068090915679932,4.7138623665139055e-20,8.258894779515951e-05,2.2901312451455764,-0.03816901754350249,0
0.6808070332267553,2.3243509237285083,4.067783639002021,7.202946720035006e-07,9.327413130610622e-05,2.3874264445718167,-0.039790611145035445,0
0.6885293744793545,2.34353879181902,4.06746383983098,1.5225446405316908e-06,0.00010388688381751845,2.484721597101821,-0.041412203964961106,0
0.6962517157319537,2.363478005828462,4.067131518174332,2.4060531373144096e-06,0.00011440940873506227,2.5820166912130587,-0.04303379581123648,0
0.7039740569845528,2.384168565179337,4.0667866740416985,3.369928217768924e-06,0.00012481643181791463,2.679311710541547,-0.04465538641112739,0
0.711696398237152,2.405610469106035,4.066429307445841,4.412987396700567e-06,0.00013507032968186462,2.7766066307277795,-0.04627697535864026,0
0.7194187394897512,2.4278037165450375,4.0660594184044845,5.53358806927102e-06,0.0001451115194065746,2.873901413194434,-0.047898562010817006,0
0.7271410807423504,2.4507483059190416,4.065677006943919,6.729294083809205e-06,0.0001548372411156222,2.9711959914091293,-0.04952014525877987,0
0.7348634219949496,2.474444234646069,4.065282073107175,7.996117553293557e-06,0.00016404655376019733,3.068490235272118,-0.051141722934190406,0
0.7425857632475488,2.4988914977310017,4.064874616977508,9.326343423817006e-06,0.0001722568100752074,3.16578383229526,-0.05276328982889069,0
0.750308104500148,2.5240900814149096,4.06445463878423,1.0698720241232869e-05,0.00017771512194067937,3.263075647613786,-0.054384827028386845,0
0.7580304457527471,2.5499811796391083,4.064023118632521,1.1779998006204276e-05,0.0001400194228148039,3.3527524072417467,-0.05587944608951691,0
0.7657527870053463,2.5751209668449166,4.063604120384744,1.2713380525908264e-05,0.00012086781575243887,3.255461832555265,-0.054257929567310036,0
0.7734751282579455,2.599509422053167,4.06319764439055,1.353126849088121e-05,0.00010591191689306536,3.1581685411838776,-0.05263636776682749,0
0.7811974695105447,2.6231465389548285,4.062803690755094,1.424340549492922e-05,9.221775893431364e-05,3.0608744328284194,-0.05101479234988546,0
0.7889198107631439,2.6460323145096876,4.062422259529043,1.4854486753469037e-05,7.913160511103794e-05,2.9635799307821813,-0.049393210371402325,0
0.7966421520157431,2.668166746928612,4.062053350742221,1.536727532951471e-05,6.640325249388362e-05,2.8662851970533567,-0.04777162453152621,0
0.8043644932683423,2.6895498350330813,4.061696964414265,1.5783591275979534e-05,5.3910586549191504e-05,2.768990310712694,-0.04615003614810858,0
0.8120868345209414,2.7101815779881595,4.061353100559094,1.6104724025890864e-05,4.158489496956105e-05,2.671695316252579,-0.04452844596269235,0
0.8198091757735406,2.73006197517136,4.06102175918708,1.6331634917001793e-05,2.9383691252061067e-05,2.574400241183862,-0.04290685443379367,0
0.8275315170261398,2.7491910261007098,4.060702940306258,1.6465068283979212e-05,1.727887471075466e-05,2.4771051037023493,-0.04128526186467727,0
0.835253858278739,2.7675687303919982,4.060396643923031,1.6505617483114064e-05,5.250894490400482e-06,2.379809916467672,-0.03966366846633791,0
0.8429761995313382,2.7851950877317697,4.0601028700426225,1.6453766598706064e-05,-6.714399520692019e-06,2.2825146886423684,-0.03804207439148522,0
0.8506985407839374,2.802070097859429,4.059821618669377,1.630991808330388e-05,-1.8627578177706012e-05,2.185219427071329,-0.036420479754201186,0
0.8584208820365365,2.818193760554908,4.059552889806962,1.6074411800720994e-05,-3.0496746371779344e-05,2.0879241370026733,-0.03479888464195485,0
0.8661432232891357,2.833566075629893,4.059296683458515,1.5747538573263793e-05,-4.2328254703787214e-05,1.9906288225485753,-0.033177289123282744,0
0.8738655645417349,2.848187042921417,4.059052999626754,1.532955008235028e-05,-5.412717169985033e-05,1.8933334869910328,-0.03155569325288504,0
0.8815879057943341,2.8620566622870616,4.058821838314052,1.4820666272140689e-05,-6.589760715734443e-05,1.7960381329912423,-0.02993409707511523,0
0.8893102470469333,2.8751749336013046,4.0586031995225,1.4221080996681052e-05,-7.764293960012901e-05,1.698742762736881,-0.028312500626434742,0
0.8970325882995325,2.8875418567526783,4.058397083253957,1.353096640229682e-05,-8.93659800566068e-05,1.6014473780481575,-0.026690903937180523,0
0.9047549295521317,2.899157431641536,4.058203489510083,1.2750476380533928e-05,-0.0001010690924186225,1.504151980455748,-0.025069307032863947,0
0.9124772708047308,2.910021658178266,4.058022418292372,1.187974932564788e-05,-0.00011275428349860915,1.4068565712591095,-0.02344770993514273,0
0.92019961205733,2.9201345362818487,4.057853869602173,1.0918910363335037e-05,-0.00012442327150076336,1.309561151570818,-0.02182611266255988,0
0.9279219533099292,2.9294960658786753,4.057697843440716,9.868073171647038e-06,-0.00013607753883104667,1.2122657223507642,-0.02020451523111364,0
0.9356442945625284,2.9381062469015795,4.0575543398091165,8.727341483287385e-06,-0.00014771837335641883,1.1149702844328684,-0.01858291765470275,0
0.9433666358151276,2.9459650792890226,4.057423358708403,7.4968103360579465e-06,-0.00015934690101800824,1.0176748385462007,-0.016961319945478427,0
0.9510889770677268,2.9530725629844183,4.057304900139518,6.176567122107886e-06,-0.0001709641118850777,0.92037938533185,-0.015339722114125527,0
0.958811318320326,2.9594286979355564,4.057198964103331,4.766692474887771e-06,-0.00018257088117129295,0.8230839253565335,-0.013718124170089385,0
0.9665336595729251,2.9650334840941133,4.057105550600648,3.2672610240182905e-06,-0.00019416798633904297,0.725788459123672,-0.012096526121760376,0
0.9742560008255243,2.9698869214152355,4.057024659632216,1.6783420417800509e-06,-0.00020575612113390412,0.6284929870824771,-0.010474927976625399,0
0.9819783420781235,2.9739890098571777,4.0569562911987305,-7.62380016674858e-20,-0.00021733590718778524,0.5311975096354654,-0.00885332974139309,0
0.993159464791828,2.9786903169220937,4.057831400424061,-2.579281163382788e-06,-0.00023068176868425483,0.4204682468218303,0.07826666853930489,0
1.0043405875055325,2.9821566106720803,4.059684490953251,-5.304703383554548e-06,-0.00024375210701576132,0.3100130316745569,0.1657338512989622,0
1.0155217102192369,2.9843911887665873,4.0625197126912695,-8.172963205038216e-06,-0.0002565269959937599,0.1998527475046504,0.25357218685573624,0
1.0267028329329413,2.985397609885517,4.066341512073462,-1.1180509425758211e-05,-0.0002689842780402691,0.09001073905662005,0.3418081958359232,0
1.0378839556466457,2.9851797257165344,4.071154664768787,-1.4323514299104008e-05,-0.00028109921999189925,-0.019486788093601496,0.43047132372701974,0
1.0490650783603501,2.9837417183445036,4.076964313329469,-1.759784012030292e-05,-0.0002928441002888296,-0.12861028439087477,0.519594383268847,0
1.0602462010740545,2.9810881442234,4.083776010748203,-2.099900024002262e-05,-0.0003041877105659823,-0.23732626758852876,0.6092140828024334,0
1.071427323787759,2.9772239862317442,4.091595771113899,-2.4522113301490745e-05,-0.00031509474958839204,-0.3455965997859253,0.6993716611399765,0
1.0826084465014634,2.9721547157389,4.100430128852592,-2.8161849173913363e-05,-0.0003255250805976091,-0.45337759209286477,0.790113655390082,0
1.0937895692151678,2.9658863671825597,4.110286208423079,-3.1912364626276386e-05,-0.000335432813727892,-0.5606188856731139,0.881492835992536,0
1.1049706919288722,2.9584256284375834,4.121171806837325,-3.576722621109808e-05,-0.0003447651621095499,-0.6672620394214612,0.9735693537197329,0
1.1161518146425766,2.9497799513319305,4.133095492035115,-3.971931704854878e-05,-0.0003534610019748313,-0.7732387280794938,1.0664121576244268,0
1.127332937356281,2.9399576881704643,4.146066721018951,-4.376072313094252e-05,-0.0003614490410325492,-0.878468416183297,1.1601007623262778,0
1.1385140600699855,2.928968262266831,4.160095982830131,-4.78825932765822e-05,-0.00036864546175961825,-0.9828553165021017,1.2547274697182642,0
1.1496951827836899,2.9168223835772364,4.1751949730344515,-5.207496475375662e-05,-0.0003749508510610712,-1.0862843562840192,1.350400187076815,0
1.1608763054973943,2.9035323250878045,4.191376808545811,-5.632654356671269e-05,-0.000380246145397765,-1.1886157436710252,1.447246034740342,0
1.1720574282110987,2.8891122824608404,4.208656294567826,-6.062442396791279e-05,-0.0003843871954006351,-1.2896775213177467,1.545416007359452,0
1.1832385509248031,2.8735788499840154,4.227050259468865,-6.495372516936202e-05,-0.0003871973604488866,-1.3892551646698397,1.6450910496214886,0
1.1944196736385075,2.8569516624723277,4.2465779788766636,-6.929711322122737e-05,-0.000388457238439437,-1.4870767397360927,1.7464900357330246,0
1.205600796352212,2.839254279643894,4.2672617175043,-7.363416053657356e-05,-0.0003878901454308279,-1.5827912170876932,1.8498802988968703,0
1.2167819190659164,2.8205154342402756,4.289127426132336,-7.794047108841684e-05,-0.0003851411582055715,-1.6759359398362583,1.9555915079288286,0
1.2279630417796208,2.800770841987606,4.31220564016556,-8.218646004050046e-05,-0.00037974620804660466,-1.765886374582779,2.064033695375806,0
1.2391441644933252,2.7800659075247975,4.336532628532142,-8.633561289614645e-05,-0.00037108553067810503,-1.8517759792968365,2.175719647254867,0
1.2503252872070296,2.7584599081593355,4.362151814469199,-9.034194686051573e-05,-0.00035831231505936977,-1.9323640316531538,2.2912892196101957,0
1.261506409920734,2.7360326963214896,4.389115359020793,-9.414624203757765e-05,-0.0003402426817597756,-2.005810365568953,2.411523890936286,0
1.2726875326344385,2.7128957981296162,4.417485328842302,-9.767042725641444e-05,-0.0003151906395447727,-2.069282198604005,2.537309584012476,0
1.2838686553481429,2.68921112264099,4.447332330330821,-0.00010080955465212324,-0.00028075243213028126,-2.1182734592116623,2.6694100630815636,0
1.2950497780618473,2.6652213742293474,4.478724843886787,-0.00010342240477059382,-0.00023368405709031973,-2.1455581005512445,2.80763518653473,0
1.3062309007755517,2.641289248643157,4.511691635130201,-0.00010532970519712442,-0.00017058219245379757,-2.140404519204666,2.948433005122289,0
1.3174120234892561,2.617903111912078,4.546136114238237,-0.00010634862602890072,-9.11286690883562e-05,-2.0915732104810165,3.0805921721808023,0
1.3285931462029605,2.5955581588758165,4.581762795148326,-0.00010637933460543406,-2.746466282708956e-06,-1.9984534298045171,3.186324112731352,0
1.339774268916665,2.5745630078059016,4.618201697704109,-0.0001063738376086593,4.916319153107816e-07,-1.8777319243789188,3.2589663389630554,0
1.3509553916303694,2.5550168516212524,4.6552587311650555,-0.0001023927136459008,0.00035605762183608833,-1.7481389557327536,3.3142497770392434,0
1.3621365143440738,2.537014202140497,4.69263082838287,-9.499445884005022e-05,0.000661673697315152,-1.6100931848905893,3.3424279631600435,0
1.3733176370577782,2.520584260732189,4.73009387917606,-8.466257801048473e-05,0.000924046814839602,-1.4694357471074855,3.3505625286866207,0
1.3844987597714826,2.5057280160141726,4.76748505541714,-7.178322849637057e-05,0.0011518833881307426,-1.3286898908471967,3.344134323402596,0
1.395679882485187,2.492435370607954,4.804684274641471,-5.6659861716620356e-05,0.0013525803416633755,-1.1888471083436623,3.3269663679419783,0
1.4068610051988915,2.480692491151151,4.841600795778068,-3.953248749754685e-05,0.0015318116667017386,-1.05024153275897,3.301682852594482,0
1.4180421279125959,2.4704848889896196,4.878164303827634,-2.0593598066766373e-05,0.0016938271689151613,-0.9129317710666199,3.270110612840911,0
1.4292232506263003,2.461798667907715,4.914319038391113,8.295601025397706e-19,0.001841818446572536,-0.7768648376661975,3.2335513605589394,0
1.436590525182988,2.456730224549014,4.937944436203206,1.4231278636675495e-05,0.0019316883777336523,-0.6879672149723662,3.2068029541054006,0
1.4439577997396758,2.4523016419455215,4.961328277765564,2.900503139690563e-05,0.0020053213229135,-0.6011154558468842,3.174015218576653,0
1.4513250742963635,2.4484940293892503,4.984425470816161,4.4194044205352646e-05,0.002061686813981221,-0.5168278346318924,3.1351068665724195,0
1.4586923488530512,2.445284594282874,5.007191069415928,5.9664953668876355e-05,0.0020999501707909445,-0.4356339758591716,3.090097759299668,0
1.466059623409739,2.442646742548698,5.0295810837039845,7.528013150334026e-05,0.002119532496633514,-0.35804987500865304,3.039117670418823,0
1.4734268979664267,2.440550377724483,5.05155329055866,9.089990066273296e-05,0.0021201557019848976,-0.28455092966667944,2.9824064089928326,0
1.4807941725231144,2.4389623870518564,5.073067974890532,0.00010638491506663811,0.00210186471059437,-0.21554655801243647,2.9203044037963846,0
1.4881614470798021,2.437847276248661,5.0940885379916665,0.00012159850466196286,0.0020650227541160436,-0.1513600171427855,2.853234658134686,0
1.4955287216364899,2.437167894848205,5.114581928364223,0.00013640879470530067,0.0020102807258550854,-0.09221610993702736,2.781678654008256,0
1.5028959961931776,2.436886185970255,5.134518876637267,0.00015069045015904837,0.001938526295431127,-0.03823786880514776,2.7061497599468374,0
1.5102632707498653,2.436963899080459,5.153873942503239,0.0001643259596225841,0.001850821407382975,0.010548420532763954,2.627167715421072,0
1.517630545306553,2.4373632186386174,5.1726254019934,0.00017720644033221777,0.0017483372732441825,0.05420180218419941,2.545236959187188,0
1.5249978198632408,2.4380472803454727,5.190755014764945,0.00018923200122629848,0.0016322943853379602,0.09285139322443114,2.46083034262484,0
1.5323650944199285,2.4389805649578626,5.208247713532736,0.00020031173678362267,0.001503912399641301,0.1266797653879658,2.37437856200322,0
1.5397323689766163,2.4401291740417412,5.2250912536518355,0.00021036343963801035,0.0013643719637541811,0.15590691985762178,2.2862647495347375,0
1.547099643533304,2.441461001324482,5.241275853146774,0.00021931311912202418,0.0012147883746129883,0.18077611639055813,2.1968231766586044,0
1.5544669180899917,2.4429458178259376,5.25679384478933,0.00022709440196948388,0.0010561955832668506,0.2015421700427275,2.106340889450061,0
1.5618341926466794,2.4445552898427017,5.271639353861934,0.0002336478759727738,0.0008895384518233492,0.21846233697138992,2.015061195069505,0
1.5692014672033672,2.446262947458265,5.285808008839789,0.00023892042143315652,0.0007156710965271848,0.23178959904695368,1.9231881299974711,0
1.576568741760055,2.448044118683516,5.2992966875697896,0.0002428645610532766,0.0005353593910184407,0.24176799867383716,1.8308912782076356,0
1.5839360163167426,2.4498758413985944,5.312103298440903,0.0002454378474647349,0.00034928607474405245,0.24862962564844265,1.7383105207458984,0
1.5913032908734304,2.45173676245349,5.324226594201311,0.0002466022989751379,0.00015805729804780963,0.25259287414590803,1.6455604670526656,0
1.598670565430118,2.4536070308337274,5.335666015137801,0.0002463238880311092,-3.77902224069609e-05,0.2538616371423137,1.5527344404594339,0
1.6060378399868058,2.4554681897922714,5.346421557995408,0.0002445720828329844,-0.00023778198907243412,0.25262516609406227,1.459907972052462,0
1.6134051145434936,2.457303071281034,5.356493667051306,0.00024131944000176396,-0.00044149879391704183,0.24905838307563102,1.3671418077875837,0
1.6207723891001813,2.4590956948323552,5.365883144003329,0.0002365412447539677,-0.000648570269921228,0.24332248479781243,1.274484462303732,0
1.628139663656869,2.4608311721744847,5.374591073681491,0.00023021519433954227,-0.0008586690187495629,0.23556572091566488,1.1819743666613178,0
1.6355069382135567,2.4624956182480684,5.382618762971723,0.0002223211202833317,-0.001071505343733207,0.22592426287038506,1.0896416617112847,0
1.6428742127702445,2.4640760688634114,5.38996769071484,0.0002128407450568841,-0.0012868225764543532,0.21452310527889015,0.9975096878188348,0
1.6502414873269322,2.4655604049520243,5.39663946668864,0.00020175746906708048,-0.0015043929616800529,0.20147696101073773,0.9055962177685649,0
1.65760876188362,2.4669372831819656,5.402635798087752,0.00018905618419637316,-0.0017240140533686804,0.18689112498073568,0.8139144744740775,0
1.6649760364403077,2.4681960725953633,5.407958462181636,0.00017472311051179964,-0.0019455055698469304,0.17086229157224297,0.7224739695701211,0
1.6723433109969954,2.469326796866196,5.41260928405751,0.00015874565314285996,-0.0021687066561807407,0.1534793175050244,0.6312811936202073,0
1.6797105855536831,2.470320081750791,5.416590118545581,0.00014111227669239153,-0.0023934735043270156,0.13482392667090354,0.5403401838006568,0
1.6870778601103709,2.4711671073009485,5.419902835582815,0.00012181239487952916,-0.0026196772856001468,0.11497135659050503,0.449652990633728,0
1.6944451346670586,2.471859564421824,5.422549308403294,0.00010083627341539744,-0.002847202354521864,0.09399094815154237,0.35922006165454656,0
1.7018124092237463,2.472389615377946,5.424531404051942,7.817494437958358e-05,-0.0030759446877580594,0.07194668150929692,0.26904055677531896,0
1.709179683780434,2.4727498578769223,5.425850975807945,5.3820130600060805e-05,-0.0033058105262963977,0.04889766170707034,0.17911260749824218,0
1.7165469583371218,2.472933292388916,5.426509857177734,2.7764178743519264e-05,-0.0035367151931356222,0.024898557883589703,0.0894335299599448,0
1.7239142328938095,2.472933292388916,5.426509857177734,-1.817270959120411e-18,-0.003768582062469983,4.183312845484363e-19,-2.586488539570832e-19,0
1.7362603297501584,2.474854009345604,5.426509857177734,-5.159100054949175e-05,-0.004178729613882663,0.1555728080733605,3.707115247232797e-20,0
1.7486064266065073,2.4786954431989137,5.426509857177734,-0.0001081878899744188,-0.004584192889740803,0.31114561128151685,3.7071152371292276e-20,0
1.7609525234628562,2.4844575938814972,5.426509857177734,-0.0001697261831837223,-0.004984433050001282,0.46671840903472495,3.707115240061278e-20,0
1.7732986203192052,2.492140461317322,5.426509857177734,-0.00023613352458190054,-0.005378812605380423,0.6222912006294262,3.7071152307633394e-20,0
1.785644717175554,2.5017440454198776,5.426509857177734,-0.00030732815351292177,-0.0057665697717581635,0.7778639852170417,3.707115244353237e-20,0
1.797990814031903,2.5132683460898595,5.426509857177734,-0.0003832169430397171,-0.006146783911529803,0.9334367617613183,3.707115244649853e-20,0
1.8103369108882519,2.5267133632121186,5.426509857177734,-0.00046369285269601246,-0.006518328066972037,1.089009528978807,3.7071151310174824e-20,0
1.8226830077446008,2.5420790966515585,5.426509857177734,-0.0005486315586522004,-0.006879802333035104,1.2445822852538133,3.7071152419310525e-20,0
1.8350291046009497,2.5593655462474905,5.426509857177734,-0.0006378869000853227,-0.0072294379731212225,1.4001550285135045,3.707115251120947e-20,0
1.8473752014572986,2.5785727118056534,5.426509857177734,-0.0007312845718827175,-0.007564955376918537,1.5557277560385818,3.707115045840953e-20,0
1.8597212983136475,2.5997005930865527,5.426509857177734,-0.0008286131295398061,-0.007883346355495077,1.7113004641652727,3.707115257639243e-20,0
1.8720673951699964,2.6227491897877426,5.426509857177734,-0.0009296107037982317,-0.008180526642028339,1.8668731477946268,3.7071152577186164e-20,0
1.8844134920263453,2.647718501515564,5.426509857177734,-0.0010339445209137331,-0.008450753167536271,2.022445799538729,3.7071148281774306e-20,0
1.8967595888826942,2.674608527737237,5.426509857177734,-0.001141177596094472,-0.008685585122847457,2.1780184081291254,3.7071152661751846e-20,0
1.9091056857390432,2.7034192676929156,5.426509857177734,-0.0012507106937010926,-0.008871880634104445,2.333590955174045,3.707115259366242e-20,0
1.921451782595392,2.734150720215831,5.426509857177734,-0.0013616713618775447,-0.008987509936744912,2.4891634077138707,3.7071142616577864e-20,0
1.933797879451741,2.7668028833024194,5.426509857177734,-0.0014726718999163787,-0.008990739286299296,2.6447356979705394,3.707115238438551e-20,0
1.9461439763080899,2.8013757527969054,5.426509857177734,-0.0015811616572813218,-0.008787372934722452,2.800307651620838,3.7071151812727285e-20,0
1.9584900731644388,2.83786931597247,5.426509857177734,-0.0016809107258812022,-0.00807940110631675,2.9558785744336205,3.707115100383115e-20,0
1.9708361700207877,2.876283413246257,5.426509857177734,-0.0017334458772607908,-0.0042552032428428135,3.111436571472625,3.707115873426026e-20,0
1.9831822668771366,2.9127769159427426,5.426509857177734,-0.001746247140027916,-0.0010368671909892874,2.9558736757940305,3.707115229050769e-20,0
1.9955283637334855,2.947349735027447,5.426509857177734,-0.0017401445491936338,0.0004942931280459623,2.8003035685667044,3.707115226043812e-20,0
2.0078744605898344,2.9800018555240553,5.426509857177734,-0.0017200270139310833,0.0016294652064232143,2.644732248298941,3.707115279264139e-20,0
2.0202205574461836,3.0107332714725397,5.426509857177734,-0.001688077464771782,0.0025878258959933847,2.4891604452852696,3.7071152519650434e-20,0
2.0325666543025327,3.0395439796957926,5.426509857177734,-0.0016455324940825296,0.003446025993824514,2.333588384934564,3.70711252788064e-20,0
2.044912751158882,3.066433978224872,5.426509857177734,-0.001593188110956721,0.00423975153725543,2.178016165104965,3.707113631912656e-20,0
2.057258848015231,3.091403265721613,5.426509857177734,-0.001531599599744296,0.004988500570587557,2.022443836887583,3.707115251135339e-20,0
2.06960494487158,3.114451841217976,5.426509857177734,-0.001461176375332791,0.005704088120391756,1.8668714302618354,3.7071152463378986e-20,0
2.081951041727929,3.1355797039814144,5.426509857177734,-0.0013822327884711477,0.006394214121287091,1.7112989643016843,3.7071151637679717e-20,0
2.0942971385842784,3.154786853438385,5.426509857177734,-0.0012950177917846974,0.0070641756420047564,1.5557264518861422,3.7071153234811555e-20,0
2.1066432354406275,3.172073289127715,5.426509857177734,-0.0011997334252375346,0.0077177724794994145,1.4001539021168687,3.707115228076358e-20,0
2.1189893322969766,3.187439010670561,5.426509857177734,-0.0010965469346724817,0.008357822862210137,1.2445813216623118,3.707115290507174e-20,0
2.1313354291533257,3.20088401775019,5.426509857177734,-0.0009855990472943251,0.008986474727120164,1.089008715553292,3.70711531631588e-20,0
2.143681526009675,3.212408310097877,5.426509857177734,-0.0008670098155903831,0.009605402669667152,0.9334360876782276,3.707115286640778e-20,0
2.156027622866024,3.2220118874827657,5.426509857177734,-0.0007408828616496287,0.010215937507074965,0.7778634411044427,3.707115207487897e-20,0
2.168373719722373,3.229694749704396,5.426509857177734,-0.0006073085341318418,0.010819154350720808,0.6222907782939983,3.707115203975751e-20,0
2.1807198165787223,3.235456896587077,5.426509857177734,-0.00046636630513685867,0.01141593417214327,0.4667181012530193,3.7071151949917715e-20,0
2.1930659134350714,3.2392983279755647,5.426509857177734,-0.00031812662274658624,0.012007007892056332,0.3111454116376676,3.707115185687964e-20,0
2.2054120102914205,3.2412190437316895,5.426509857177734,-0.00016265236545860584,0.012592988626039288,0.15557271083103014,3.707115185194306e-20,0
2.2177581071477697,3.2412190437316895,5.426509857177734,4.484663272258608e-18,0.013174395709925773,-1.1757234910913725e-18,3.986275384906797e-18,0
2.2292223601781296,3.239819654882091,5.427395569880901,0.0001575240199028021,0.013740452124352228,-0.12206541899347946,0.07725864919604762,0
2.2406866132084895,3.237020980909901,5.429167159134366,0.00032146535825565523,0.014300219815552542,-0.2441217901225849,0.15453159039443268,0
2.2521508662388494,3.2328231342116345,5.4318248024305085,0.0004917459090322154,0.01485317450060658,-0.3661683571663535,0.23182001383821874,0
2.2636151192692093,3.2272262369875984,5.435368692685574,0.0006682807713714955,0.015398723481968165,-0.4882042649628644,0.309125264915431,0
2.2750793722995692,3.220230422583072,5.439799040341459,0.0008509773225889147,0.015936193203010984,-0.6102285413623638,0.3864488723472334,0
2.286543625329929,3.2118358370858013,5.44511607586752,0.0010397341145375136,0.01646481383927667,-0.7322400748691645,0.46379258308253496,0
2.298007878360289,3.2020426412441205,5.4513200527623695,0.0012344395491360966,0.016983700035721944,-0.854237586674436,0.5411584059093486,0
2.309472131390649,3.190851012790381,5.458411251187098,0.001434970274921657,0.017491826572318857,-0.9762195953020882,0.6185486665332411,0
2.320936384421009,3.178261149282711,5.466389982405168,0.0016411892270926434,0.017987997266593905,-1.098184371395921,0.6959660779418256,0
2.332400637451369,3.1642732716181836,5.475256594266035,0.001852943206130147,0.018470804724858486,-1.2201298791542505,0.7734138314452516,0
2.3438648904817287,3.1488876284281253,5.485011478058294,0.0020700598507193664,0.018938577508437596,-1.3420536993830894,0.8508957161383391,0
2.3553291435120887,3.1321045016509683,5.495655077188404,0.0022923438029478866,0.01938930967786401,-1.463952926781332,0.92841627814068,0
2.3667933965424486,3.1139242137052974,5.507187898336217,0.0025195717771204235,0.019820565157904573,-1.5858240303599493,1.005981036642474,0
2.3782576495728085,3.094347136881825,5.519610526038738,0.0027514861102107906,0.020229345294323787,-1.7076626598897873,1.0835967829409339,0
2.3897219026031684,3.0733737058841855,5.5329236421285835,0.0029877861608278724,0.0206119011847885,-1.8294633712374477,1.1612720039052256,0
2.4011861556335283,3.051004434958816,5.5471280522305415,0.0032281165779596346,0.02096346063692099,-1.9512192260702828,1.2390174976369925,0
2.4126504086638882,3.02723994192425,5.56222472283939,0.0034720508730159516,0.02127781848603144,-2.0729211900362223,1.3168472964494695,0
2.424114661694248,3.0020809829620587,5.5782148348464995,0.0037190676833955554,0.02154669909384635,-2.1945571940509736,1.3947801016565753,0
2.435578914724608,2.975528504952879,5.595099863773903,0.0039685151549570955,0.021758719988280238,-2.3161106038806274,1.4728416132021835,0
2.447043167754968,2.947583728011402,5.612881705745656,0.0042195549468999494,0.021897614373860085,-2.4375575859571676,1.5510685192178444,0
2.458507420785328,2.9182482836693078,5.6315628871996415,0.0044710688551087,0.02193897042767082,-2.558862253338237,1.6295158005056871,0
2.469971673815688,2.8875244650993332,5.651146941780276,0.0047214906151530085,0.02184370489554901,-2.679966892620625,1.7082713133379008,0
2.4814359268460477,2.8554157317503353,5.671639162424216,0.004968469191103362,0.021543363993615536,-2.800769772264019,1.7874885166650916,0
2.4929001798764077,2.821927901621188,5.693048349947605,0.005208082082619217,0.020900872553774003,-2.921065161462377,1.8674733946165911,0
2.5043644329067676,2.7870728048392275,5.715392023731559,0.005432470678667893,0.019572892838952832,-3.040328636300478,1.9489864472397385,0
2.5158286859371275,2.750887444228167,5.73872199618746,0.005617986792047685,0.016182137019810295,-3.15636444130242,2.035018975421281,0
2.5272929389674874,2.715502553369884,5.763363575689505,0.005617988346058701,1.355527488160566e-07,-3.0865413354554194,2.1494273928467496,0
2.5387571919978473,2.6810499323693784,5.78929261041756,0.00561798891160774,4.933152073082802e-08,-3.005221614464233,2.261729103445418,0
2.5502214450282072,2.6476026429031188,5.816506149990105,0.005617989486015914,5.010428240789525e-08,-2.917528894177383,2.373773459160889,0
2.561685698058567,2.6152249713249582,5.844983935264282,0.005617990073340224,5.1230926641744765e-08,-2.8242286254841655,2.4840506571852297,0
2.573149951088927,2.5839647001118595,5.874683990242505,0.0056179906776120106,5.270921562532773e-08,-2.7267604029925514,2.5906663870377287,0
2.584614204119287,2.5538679556090487,5.905562522124725,0.00561799130340308,5.458629211053999e-08,-2.6252686872037274,2.6934621732852406,0
2.596078457149647,2.5249791435056204,5.937573992281309,0.0056179919559239426,5.6917869674707133e-08,-2.519903566930703,2.7922857312931546,0
2.607542710180007,2.4973408851183296,5.97067118657739,0.005617992641157768,5.977134492539774e-08,-2.410820688802849,2.886990910655494,0
2.6190069632103667,2.4709939555165725,6.004805286618093,0.005617992793262459,1.326773632339618e-08,-2.298181096662328,2.977437775520991,0
2.6304712162407267,2.4459779482021413,6.0399249641795585,0.005614436887887265,-0.00031017331539862027,-2.182087855890292,3.0634073993729096,0
2.6419354692710866,2.4224331227668126,6.075747096137774,0.004922940541023048,-0.060317610317335235,-2.053760098713174,3.1246808547738403,0
2.6533997223014465,2.4005091336654307,6.11181840237633,0.003682772696374595,-0.10817694282994021,-1.9123783331804511,3.1464157449305623,0
2.6648639753318064,2.3802308686531632,6.147850755868023,0.002014138783022241,-0.1455510366824998,-1.7688256669268752,3.143017987853701,0
2.6763282283621663,2.361587285995483,6.183661460876465,-2.2976146920423798e-18,-0.17568861902266636,-1.626236145371608,3.1236841086495692,0
2.6850351435358526,2.348359633386079,6.210661007236714,-0.0016958832340581316,-0.19477429149251882,-1.519212297993412,3.1009313656556587,0
2.693742058709539,2.336042746616206,6.237377065334285,-0.0035140708101753116,-0.2088210967753981,-1.4146097124202277,3.0683723873014515,0
2.702448973883225,2.3246118447379684,6.2637377097580895,-0.005416199628138208,-0.21846185244743369,-1.3128532494291338,3.0275526863317066,0
2.7111558890569114,2.314040795703647,6.289682718129277,-0.007368891815640217,-0.2242691181129202,-1.2140980845093718,2.97981637050475,0
2.7198628042305977,2.304303590419649,6.315161696821042,-0.009343155196640538,-0.22674659642407624,-1.1183300962271208,2.926292284175561,0
2.728569719404284,2.2953751935633893,6.340132354451726,-0.01131380115403084,-0.22633113083882833,-1.0254374457754334,2.867910980242605,0
2.73727663457797,2.28723198471569,6.364559021247477,-0.013258908086041136,-0.2233979421182712,-0.9352576297439796,2.8054329585694306,0
2.7459835497516565,2.279851944824744,6.388411426063033,-0.015159341992393324,-0.2182671897489987,-0.8476067291053445,2.7394782583414248,0
2.7546904649253428,2.2732146917951637,6.411663705913081,-0.016998338333531718,-0.2112110092319456,-0.7622967373859052,2.670553162192959,0
2.763397380099029,2.2673014313927062,6.434293611280074,-0.018761143994508546,-0.2024604151765086,-0.6791452867648164,2.5990726813754983,0
2.7721042952727153,2.2620948642551824,6.4562818704694,-0.020434714636225818,-0.1922116626070763,-0.5979806893338832,2.525378822544664,0
2.7808112104464016,2.257579073429113,6.4776116807788755,-0.022007460911381817,-0.18063185913492627,-0.5186441737393873,2.4497551525406083,0
2.789518125620088,2.2537394066064773,6.498268299877553,-0.023469036539505366,-0.16786377252633986,-0.44099049388263956,2.372438307553989,0
2.798225040793774,2.250562360956039,6.518238716123213,-0.024810161558558117,-0.15402987077503605,-0.3648876309304197,2.2936270593303174,0
2.8069319559674604,2.2480354746608255,6.537511381094421,-0.026022474789224245,-0.13923567721554256,-0.290216023103955,2.2134894605906448,0
2.8156388711411466,2.246147227035822,6.556075991293221,-0.027098410398012526,-0.12357253830164962,-0.21686758023154692,2.1321684923392215,0
2.824345786314833,2.2448869478072955,6.573923308873333,-0.02803109428053808,-0.10711989997862516,-0.14474463152326345,2.0497865459922777,0
2.833052701488519,2.244244735414625,6.591045013499592,-0.028814256738207568,-0.08994717900079892,-0.07375888932545356,1.9664489988384495,0
2.8417596166622054,2.2442113838175906,6.6074335791799985,-0.029442158566274555,-0.07211530324403614,-0.0038304722577767857,1.8822470821748454,0
2.8504665318358917,2.244778317116621,6.623082171247094,-0.029909528208501682,-0.05367798271926243,0.06511299211412808,1.7972601954820115,0
2.859173447009578,2.245937531235157,6.6379845596932885,-0.030211508073732695,-0.034682761829155126,0.13313717837197897,1.71155778469525,0
2.8678803621832643,2.247681541920562,6.652135045857983,-0.030343608466491527,-0.01517189384859392,0.2003017889377751,1.6252008756752676,0
2.8765872773569505,2.2500033383619096,6.665528400078716,-0.030301667871448282,0.004816929325847564,0.26666119917873854,1.5382433334391472,0
2.885294192530637,2.252896341781183,6.678159808396495,-0.030081818563043008,0.025249965574939283,0.33226502860995105,1.4507329020457964,0
2.894001107704323,2.2563543684182923,6.690024826779175,-0.029680456697689817,0.046096907726874733,0.3971586455299559,1.3627120680524263,0
2.9027080228780093,2.260371596393847,6.7011193416203945,-0.029094216195848552,0.06733044828628898,0.4613836123856349,1.2742187812693464,0
2.9114149380516956,2.264942535993617,6.711439535503575,-0.028319945842181164,0.08892590983324553,0.5249780787575343,1.1852870594605023,0
2.920121853225382,2.2700620029735794,6.720981857404832,-0.027354689129876604,0.11086092985207248,0.5879771282774205,1.0959474981569626,0
2.928828768399068,2.2757250945338052,6.729742996655795,-0.026195666454699514,0.13311519086268137,0.6504130851482914,1.0062277024875583,0
2.9375356835727544,2.281927167653245,6.737719860105517,-0.024840259329091063,0.15567018841506716,0.712315785296738,0.9161526545977878,0
2.9462425987464407,2.288663819516006,6.74490955201599,-0.02328599633965134,0.1785090308597753,0.7737128165823688,0.8257450276086679,0
2.954949513920127,2.295930869793387,6.75130935630315,-0.02153054061487589,0.2016162658933504,0.8346297319352383,0.735025454998002,0
2.963656429093813,2.303724344575362,6.7569167207982535,-0.019571678605938298,0.22497772975335642,0.8950902387957956,0.6440127626436626,0
2.9723633442674995,2.3120404617707195,6.76172924325616,-0.01740731001306359,0.24858041564586367,0.9551163677928289,0.5527241694575542,0
2.9810702594411858,2.3208756178173084,6.765744658879514,-0.015035438714781624,0.27241235856343077,1.0147286232100896,0.4611754614877356,0
2.989777174614872,2.3302263755631047,6.768960829162891,-0.012454164578013186,0.29646253412038276,1.0739461174571145,0.3693811435192323,0
2.9984840897885583,2.340089453195595,6.771375731890134,-0.00966167604426496,0.32072076941573885,1.1327866914689795,0.2773545715185032,0
3.0071910049622446,2.3504617141115145,6.772987452142347,-0.006656243401790525,0.34517766424916785,1.1912670227081004,0.1851080687090709,0
3.015897920135931,2.3613401576316813,6.773794174194336,-0.0034362126658938744,0.3698245212750662,1.2494027222238104,0.09265302761056099,0
3.024604835309617,2.3727219104766855,6.773794174194336,-1.688319207751844e-17,0.3946532838947852,1.3072084220377376,8.62668635664206e-18,0
3.0357724525684406,2.388863032449898,6.773794174194336,0.0051239359164964365,0.45882087447516595,1.4453505702353067,1.478545343948092e-20,0
3.046940069827264,2.406546993255021,6.773794174194336,0.010962932609238656,0.5228507171598161,1.5835034811162076,1.4484040195437683e-20,0
3.0581076870860877,2.425773932452335,6.773794174194336,0.01751519588006616,0.586719899059011,1.7216688888688383,1.4041383028025346e-20,0
3.0692753043449112,2.4465440138302372,6.773794174194336,0.02477861015079269,0.6503996423217279,1.8598489629907256,1.3461571445052647e-20,0
3.080442921603735,2.4688574319019305,6.773794174194336,0.032750650837863854,0.7138533227192998,1.9980464547225594,1.2750375925773363e-20,0
3.0916105388625583,2.4927144208219,6.773794174194336,0.04142826381469267,0.7770335225241755,2.13626491372792,1.1918250576462717e-20,0
3.102778156121382,2.518115267023611,6.773794174194336,0.05080769388642543,0.839877464847565,2.2745090213080137,1.098033573194328e-20,0
3.1139457733802054,2.545060327842496,6.773794174194336,0.06088423043717357,0.9022995968797053,2.4127851263521025,9.962281606856418e-21,0
3.125113390639029,2.5735500602963537,6.773794174194336,0.07165181065633089,0.9641788368637371,2.5511021548796298,8.90758220469951e-21,0
3.1362810078978525,2.6035850682797226,6.773794174194336,0.083102360020534,1.0253350467531561,2.689473258911736,7.897287143787415e-21,0
3.147448625156676,2.6351661860677287,6.773794174194336,0.09522460209790917,1.0854815128796742,2.8279190677896455,7.105748476157649e-21,0
3.1586162424154995,2.668294641880756,6.773794174194336,0.10800165676407847,1.1441164547493679,2.9664748571903927,6.994039205473866e-21,0
3.169783859674323,2.70297242800613,6.773794174194336,0.12140533384078092,1.200227117929432,3.1052090451947607,9.217564062122104e-21,0
3.1809514769331466,2.739203347183197,6.773794174194336,0.1353783927814942,1.2512121983469253,3.2442837480339604,2.2896476280930283e-20,0
3.19211909419197,2.77699726573497,6.773794174194336,0.14973704198231935,1.2857397301547875,3.3842419269794966,-1.7146072087170369e-18,0
3.2032867114507937,2.8141096262790244,6.773794174194336,0.166187687567825,1.473066743267391,3.323212076840202,6.857474829486483e-19,0
3.2144543287096172,2.849775186365376,6.773794174194336,0.18416417382677766,1.6096975605757715,3.1936588853071926,-5.594918540803806e-20,0
3.2256219459684408,2.8838693314315145,6.773794174194336,0.20209846853388416,1.6059195342632335,3.052947130615529,2.2260947356345215e-20,0
3.2367895632272643,2.9163976860517375,6.773794174194336,0.21971648483648923,1.5775985059565036,2.9127390262701,2.833712725917935e-20,0
3.247957180486088,2.9473653540351017,6.773794174194336,0.2368990220880878,1.5386037015217808,2.772987940547158,2.4630162992563745e-20,0
3.2591247977449114,2.9767758799028563,6.773794174194336,0.253579515877506,1.4936484124437943,2.633554247618695,1.961968241371124e-20,0
3.270292415003735,3.0046317716706104,6.773794174194336,0.26971576879759074,1.444914572742648,2.4943451339850835,1.5135600831663792e-20,0
3.2814600322625584,3.030934868413701,6.773794174194336,0.28527887439773936,1.3935923160200123,2.355300699646469,1.1409067024306946e-20,0
3.292627649521382,3.055686562294738,6.773794174194336,0.3002479675178468,1.3404016965462933,2.2163809259742027,8.371010389728711e-21,0
3.3037952667802055,3.07888793522491,6.773794174194336,0.31460740870012344,1.2858106478290816,2.077558031624026,5.913303978353143e-21,0
3.314962884039029,3.1005398463995615,6.773794174194336,0.3283451356144388,1.2301394823912917,1.9388120735911385,3.9386586283449826e-21,0
3.3261305012978526,3.120642990623725,6.773794174194336,0.3414516321654327,1.1736162018479002,1.8001283316081353,2.3662117302556894e-21,0
3.337298118556676,3.139197938560339,6.773794174194336,0.3539192500039511,1.1164080528158276,1.661495689418783,1.1288671262761106e-21,0
3.3484657358154997,3.156205165356166,6.773794174194336,0.3657417433480521,1.0586406276376579,1.5229055940639562,1.6922805123385188e-22,0
3.359633353074323,3.1716650715353096,6.773794174194336,0.3769139392638844,1.0004099940837645,1.3843513634861715,-5.606122620483209e-22,0
3.3708009703331467,3.1855779985906643,6.773794174194336,0.38743149745284283,0.9417907101575789,1.245827711758496,-1.1049066181190483e-21,0
3.3819685875919703,3.1979442408422822,6.773794174194336,0.39729073118702063,0.8828412995964036,1.1073304148069611,-1.48894502595732e-21,0
3.393136204850794,3.2087640546057603,6.773794174194336,0.4064884712195624,0.8236081000422869,0.9688560695370979,-1.7839797787080567e-21,0
3.4043038221096174,3.2180376653826404,6.773794174194336,0.41502196063727076,0.764128033754368,0.8304019167162348,-1.9826918649070626e-21,0
3.415471439368441,3.225765273570472,6.773794174194336,0.42288877245822665,0.7044306443022216,0.69196570841702,-2.124096817364352e-21,0
3.4266390566272644,3.2319470590478576,6.773794174194336,0.4300867442477369,0.6445396204657103,0.5535456072781828,-2.231466334398609e-21,0
3.437806673886088,3.23658318489312,6.773794174194336,0.43661392566142015,0.5844739537903388,0.41514010892517816,-2.324945821003399e-21,0
3.4489742911449115,3.239673800428167,6.773794174194336,0.44246853593373947,0.5242488291486371,0.2767479815450521,-2.4217278969345656e-21,0
3.460141908403735,3.2412190437316895,6.773794174194336,0.44764892909986204,0.4638763172178927,0.13836821836830338,-2.535957673870989e-21,0
3.4713095256625586,3.2412190437316895,6.773794174194336,0.45215356528344147,0.4033659176508908,-8.556455164219465e-18,-9.004441526731757e-20,0
3.5122586693235536,3.261835331087931,6.775540037731819,0.4585009399309759,0.1550062853602703,0.5034607689705273,0.0426349217931012,0
3.5532078129845486,3.303093846473427,6.779035272432957,0.45498564364331184,-0.08584541637026216,1.0075550230568358,0.08535550169424899,0
3.5941569566455436,3.365029158040653,6.784285426682937,0.4420308206380247,-0.3163637098840576,1.5124934499239115,0.12821157613058817,0
3.6351061003065386,3.44769180320658,6.791300475153671,0.42029543918035284,-0.5307896457482661,2.018666027555912,0.1713112373924432,0
3.6760552439675336,3.5511629451086115,6.8001017970948405,0.3909706007662827,-0.7161282457247349,2.526820652433456,0.2149329913715092,0
3.7170043876285286,3.6755817816621077,6.8107482927985785,0.3567809047878363,-0.8349306706210009,3.038374564888609,0.2599931220018851,0
3.7579535312895236,3.820797998943686,6.82349228600157,0.3299077668494708,-0.6562564082090265,3.546257730902174,0.3112151332998357,0
3.7989026749505186,3.9743145892862275,6.835920349171575,0.32990770106860307,-1.6064039908955127e-06,3.7489572825614603,0.3034999528411171,0
3.8398518186115136,4.127831178448936,6.84834842691447,0.3299076352874524,-1.6064108990754154e-06,3.7489572537493068,0.30350030871884204,0
3.8808009622725086,4.281347767613577,6.860776504633483,0.32990756950630096,-1.6064109192054386e-06,3.748957253796518,0.3035003081356488,0
3.9217501059335036,4.434864356778212,6.87320458235258,0.3299075037251485,-1.6064109417072778e-06,3.7489572537963527,0.30350030813766654,0
3.9626992495944986,4.588380945942827,6.88563266007192,0.32990743794399524,-1.606410963087722e-06,3.7489572537958695,0.3035003081436149,0
4.003648393255493,4.741897535107455,6.898060737791103,0.329907372162841,-1.6064109843528576e-06,3.748957253796179,0.3035003081397729,0
4.044597536916488,4.895414124272083,6.910488815510276,0.329907306381686,-1.6064110050754996e-06,3.748957253796196,0.3035003081395558,0
4.085546680577482,5.04893071343671,6.92291689322946,0.32990724060053017,-1.6064110271274207e-06,3.748957253796174,0.30350030813980206,0
4.126495824238477,5.202447302601277,6.9353449709494,0.3299071748193733,-1.6064110488505143e-06,3.7489572537946776,0.3035003081582785,0
4.167444967899471,5.355963891762781,6.947773048707158,0.32990710903821574,-1.6064110694661087e-06,3.7489572537199116,0.3035003090817997,0
4.208394111560466,5.509480480930276,6.960201126390919,0.32990704325705716,-1.6064110923028316e-06,3.7489572538662004,0.3035003072747543,0
4.2493432552214605,5.662997070095046,6.97262920410834,0.3299069774758978,-1.6064111106171214e-06,3.7489572537996536,0.3035003080967599,0
4.290292398882455,5.816513659259674,6.985057281827511,0.3299069116947375,-1.606411133399167e-06,3.7489572537961933,0.30350030813948947,0
4.33124154254345,5.970030248424302,6.997485359546685,0.3299068459135764,-1.6064111555647e-06,3.748957253796185,0.3035003081395732,0
4.372190686204444,6.123546837588913,7.009913437266061,0.32990678013241437,-1.606411176948253e-06,3.7489572537957865,0.3035003081444754,0
4.413139829865439,6.27706342675353,7.022341514985363,0.32990671435125146,-1.606411197683898e-06,3.7489572537959286,0.3035003081426928,0
4.454088973526433,6.430580015918165,7.034769592704442,0.32990664857008767,-1.6064112193261425e-06,3.748957253796369,0.30350030813723855,0
4.495038117187428,6.5840966050827925,7.04719767042363,0.32990658278892304,-1.6064112403053313e-06,3.7489572537961524,0.3035003081398999,0
4.535987260848422,6.737613194247419,7.059625748142827,0.32990651700775747,-1.606411261754314e-06,3.7489572537961338,0.3035003081401159,0
4.576936404509417,6.891129783412049,7.072053825861958,0.3299064512265911,-1.606411282862136e-06,3.748957253796263,0.30350030813849566,0
4.6178855481704115,7.044646372576674,7.084481903581169,0.3299063854454239,-1.6064113041564105e-06,3.7489572537961,0.3035003081404919,0
4.658834691831406,7.198162961741318,7.09690998130013,0.32990631966425576,-1.6064113250538278e-06,3.748957253796596,0.3035003081343514,0
4.699783835492401,7.351679550906159,7.10933805901666,0.32990625388308664,-1.6064113477169528e-06,3.7489572538013993,0.303500308074999,0
4.740732979153395,7.505196140405274,7.121766132604106,0.3299061881019174,-1.6064113534452098e-06,3.7489572619645464,0.30350020724055643,0
4.78168212281439,7.658710214352966,7.134225239911974,0.3299061221886748,-1.609636655327951e-06,3.7488958308532956,0.3042580672920777,0
4.822631266475384,7.80649219117964,7.149844848864177,0.31181871762997554,-0.4417040978614562,3.608914951922238,0.3814392086351733,0
4.863580410136379,7.939228310780405,7.163201625713268,0.2530153235739495,-1.4360103484205482,3.2414870674587006,0.32617963783964854,0
4.904529553797373,8.05090200093219,7.174873837931357,0.19412582837361045,-1.4381129844360943,2.7271312698539734,0.2850416681431643,0
4.945478697458368,8.141608039497065,7.1848599199943335,0.1399467728912219,-1.323081525977266,2.215089998356444,0.243865467510376,0
4.9864278411193625,8.211443763163771,7.193164285685325,0.0925041572167246,-1.1585740612141884,1.7054257408824993,0.20279705382352126,0
5.027376984780357,8.260477397501532,7.1997924794577965,0.0529257745387933,-0.9665252833041948,1.1974275883163896,0.16186403865713395,0
5.068326128441352,8.288757289364423,7.204750209171225,0.021926912710843016,-0.7570087932649696,0.6906100917970732,0.12107041247346645,0
5.109275272102346,8.296319007873535,7.208042621612549,-2.265942305224322e-17,-0.5354669414453267,0.18466121224783374,0.08040247358088685,0
5.133575284665575,8.293520088314713,7.209411316138693,-0.009689492971805406,-0.39874436058251167,-0.11518181529239362,0.05632484849732282,0
5.157875297228804,8.283432113408226,7.210193787157037,-0.016095280568210458,-0.2636125219929728,-0.4151427856292934,0.0322004367804678,0
5.182175309792033,8.266051788215593,7.210388519215115,-0.019262348847231558,-0.13033196055398535,-0.7152393500724611,0.008013660796971668,0
5.206475322355262,8.241375248903402,7.209993557147406,-0.019244215765653917,0.0007462169707542834,-1.0154949199235592,-0.016253574631461747,0
5.230775334918491,8.209397859703623,7.2090064111471035,-0.01610625121491718,0.12913427689701096,-1.315941262022896,-0.040623271192423385,0
5.25507534748172,8.170113914057634,7.20742390700576,-0.009930801329928745,0.25413360874367413,-1.6166224418042394,-0.06512359354779837,0
5.2793753600449485,8.123516182634175,7.205241940366306,-0.0008254387465068166,0.3747060854379615,-1.91760112477578,-0.08979281939897372,0
5.303675372608177,8.069595204167042,7.202455047069126,0.011062892905274995,0.48923150229261136,-2.2189691600647072,-0.11468690766955426,0
5.327975385171406,8.008338126165244,7.19905558003987,0.025521364947367488,0.594998541862654,-2.520866104174535,-0.13989569019507575,0
5.352275397734635,7.939726765837673,7.195031913457829,0.04221470111116702,0.6869682112572043,-2.8235113109059937,-0.16558290130907907,0
5.376575410297864,7.863734825092601,7.1903636806730615,0.0605374415871792,0.7540218519904782,-3.127238743074911,-0.19210824573212557,0
5.400875422861093,7.780334755516819,7.185004193209589,0.07904799343273744,0.7617507109395812,-3.432099854213893,-0.2205549256219346,0
5.425175435424322,7.690930665059065,7.178920762341221,0.08597991655336212,0.285264178484725,-3.6791787751142944,-0.250346819886155,0
5.449475447987551,7.599818435541818,7.171702244581923,0.08597997571068079,2.434456299851168e-06,-3.749472527233172,-0.2970581904230796,0
5.47377546055078,7.508706202775174,7.164483767837713,0.08598003486837738,2.434471853128134e-06,-3.7494726609531215,-0.2970565025596766,0
5.4980754731140085,7.417593970051255,7.157265290554225,0.08598009402607402,2.4344718538004466e-06,-3.749472659194888,-0.2970565247521947,0
5.522375485677237,7.326481737326785,7.1500468132776955,0.0859801531837706,2.434471852327872e-06,-3.7494726592175764,-0.2970565244658108,0
5.546675498240466,7.235369504602204,7.1428283360025695,0.08598021234146717,2.43447185176104e-06,-3.7494726592221497,-0.2970565244080829,0
5.570975510803695,7.14425727187766,7.135609858726995,0.08598027149916374,2.434471850741772e-06,-3.7494726592206904,-0.29705652442649866,0
5.595275523366924,7.053145039153106,7.128391381451515,0.08598033065686028,2.4344718498609306e-06,-3.749472659220999,-0.29705652442260566,0
5.619575535930153,6.962032806428553,7.121172904176034,0.08598038981455677,2.4344718490636533e-06,-3.749472659220991,-0.2970565244227099,0
5.643875548493382,6.870920573703996,7.113954426900607,0.08598044897225325,2.434471848610511e-06,-3.7494726592211687,-0.29705652442046776,0
5.668175561056611,6.77980834097938,7.106735949625925,0.08598050812994971,2.4344718459181265e-06,-3.7494726592236005,-0.2970565243897729,0
5.69247557361984,6.688696108254476,7.099517472354879,0.08598056728764614,2.4344718461885892e-06,-3.7494726592354533,-0.29705652424016016,0
5.7167755861830685,6.597583875587078,7.092298994357987,0.08598062644534256,2.434471845977397e-06,-3.7494726568689463,-0.2970565541103829,0
5.741075598746297,6.506471636247587,7.085080600577139,0.08598068560303808,2.434471808058529e-06,-3.749472931440595,-0.29705308843051953,0
5.765375611309526,6.415394131981147,7.077436454181383,0.08598075878720013,3.0116923551420404e-06,-3.7480435053044907,-0.3145737631205073,0
5.789675623872755,6.328778080320262,7.069871918618443,0.10306042260801103,0.7028664604948408,-3.5644447275752427,-0.31129759884553404,0
5.813975636435984,6.248214275035589,7.063082833316381,0.13147644279054535,1.169382942000247,-3.315381219459229,-0.27938608197584613,0
5.838275648999213,6.175059248127504,7.056982478522121,0.1598549946403328,1.1678410361071418,-3.0104933780510095,-0.25104327737873783,0
5.862575661562442,6.109287022023481,7.051526506606635,0.18666149954194367,1.1031477795104556,-2.706674571996554,-0.22452547714760215,0
5.886875674125671,6.0508693406992,7.046695966857398,0.21124117292502645,1.0115086697509998,-2.404018564695526,-0.19878754122614692,0
5.9111756866889,5.9997861264261445,7.0424808691120875,0.2332302840495304,0.9049012245174739,-2.102188800939206,-0.1734607228831562,0
5.9354756992521285,5.956023035928898,7.038875284907224,0.2523986215059447,0.7888200636253424,-1.8009492951253898,-0.14837787410448924,0
5.959775711815357,5.919569470687998,7.035875399544766,0.2685881600048245,0.6662358077638599,-1.5001459421503904,-0.12345200870317571,0
5.984075724378586,5.890417327841009,7.033478593810786,0.2816839527030457,0.5389212315853588,-1.1996760401320432,-0.09863392982744527,0
6.008375736941815,5.868560214599199,7.031682960004355,0.29159844889041503,0.40800374738483547,-0.8994692157033104,-0.0738943571222695,0
6.032675749505044,5.853992937483846,7.030487025452139,0.29826226432333314,0.2742309459936964,-0.599476114568266,-0.04921538822658761,0
6.056975762068273,5.846711158752441,7.0298895835876465,0.30161839068485014,0.1381121245416392,-0.29966152126314594,-0.02458607224727907,0
6.081275774631502,5.846711158752441,7.0298895835876465,0.30161839068485014,1.8516911637001492e-18,1.0073485363252843e-17,-7.668751255372599e-19,0
