0,1.4589773416519165,5.569742202758789,-4.7167280995117384e-26,-1.386884803378259e-26,-4.092717246010868e-18,-2.1362150626124284e-18,0
0.01481093590402241,1.4594015858800946,5.56903780303559,3.101025463868722e-16,2.0937403904721535e-14,0.02864398515578328,-0.047559433634962824,0
0.02962187180804482,1.4602487707780474,5.567628220145433,9.228209968842557e-16,4.1369327097473515e-14,0.057199957075141146,-0.0951717635733435,0
0.04443280771206723,1.4615175166894205,5.565512628478054,1.831185375348759e-15,6.133065368672496e-14,0.08566277780114279,-0.1428398367995399,0
0.05924374361608964,1.4632063610164026,5.562690156782965,3.027675280007474e-15,8.078422020944562e-14,0.11402684731918335,-0.19056673483553216,0
0.07405467952011205,1.4653137505328784,5.559159884306739,4.503892721123801e-15,9.967077396358333e-14,0.14228604661663527,-0.23835580000499734,0
0.08886561542413446,1.4678380327206337,5.554920836485858,6.2511093939493414e-15,1.179680128481291e-13,0.17043367172157822,-0.286210665440052,0
0.10367655132815687,1.4707774459688618,5.549971980130088,8.25927666886368e-15,1.3558679159371079e-13,0.1984623569554352,-0.3341352894806366,0
0.11848748723217928,1.4741301084449234,5.544312218019695,1.0518449332736469e-14,1.5253409263998748e-13,0.22636398521926426,-0.38213399524982955,0
0.1332984231362017,1.477894005404178,5.537940382825817,1.301750029762675e-14,1.6873011854534906e-13,0.25412958260338275,-0.43021151635306626,0
0.1481093590402241,1.482066974656455,5.530855230246223,1.5745315660573388e-14,1.841757595276221e-13,0.28174919392795966,-0.4783730498536089,0
0.1629202949442465,1.486646689843387,5.523055431227843,1.8688899927701614e-14,1.9874397493856146e-13,0.3092117349375835,-0.5266243179313339,0
0.17773123084826892,1.491630641100346,5.514539563121903,2.1834625084273667e-14,2.1239205843697019e-13,0.3365048157156195,-0.5749716399506692,0
0.19254216675229133,1.4970161125736074,5.505306099586012,2.5168366246772067e-14,2.2508646259714862e-13,0.36361452835664226,-0.6234220170639637,0
0.20735310265631374,1.5028001561301114,5.495353399008559,2.867454911068267e-14,2.3672932587878954e-13,0.3905251898992481,-0.6719832319813209,0
0.22216403856033615,1.5089795604233047,5.4846796911823805,3.233505536846757e-14,2.471488831064891e-13,0.41721902877962347,-0.7206639671757986,0
0.23697497446435856,1.5155508142493832,5.473283061894283,3.6131397041859194e-14,2.5632017496718234e-13,0.4436757993324295,-0.7694739456000699,0
0.25178591036838094,1.522510062822857,5.4611614350215145,4.0042666897992243e-14,2.6407985901047855e-13,0.4698723037201062,-0.8184240990115871,0
0.2665968462724033,1.5298530551886107,5.448312551631727,4.4045936761434817e-14,2.702914858868966e-13,0.4957817934894594,-0.8675267702899531,0
0.2814077821764257,1.537575080425312,5.434733945464605,4.811578207435756e-14,2.747865056523752e-13,0.5213732127896367,-0.9167959577377948,0
0.2962187180804481,1.5456708895164464,5.420422914025779,5.222394912838186e-14,2.773739006325016e-13,0.5466102306833716,-0.9662476113302263,0
0.31102965398447047,1.554134598670913,5.405376484341298,5.6339105930088546e-14,2.778458321657168e-13,0.5714499886646626,-1.0158999932201496,0
0.32584058988849285,1.5629595683116588,5.38959137220035,6.042541383665092e-14,2.7589802175185554e-13,0.5958414578209924,-1.0657741173980568,0
0.34065152579251523,1.572138249676908,5.373063933457314,6.444328018144795e-14,2.7127700641809126e-13,0.6197232521110586,-1.1158942858261334,0
0.3554624616965376,1.5816619876062887,5.355790105691157,6.834628582907696e-14,2.635218788437611e-13,0.6430206700708289,-1.1662887394891612,0
0.37027339760056,1.5915207629752088,5.337765338290651,7.208046497806827e-14,2.521231056612188e-13,0.6656416200034054,-1.2169904398553946,0
0.3850843335045824,1.6017028503181194,5.3189845090063175,7.55836674500384e-14,2.3652809674268025e-13,0.6874708937296286,-1.2680379826120491,0
0.39989526940860476,1.6121943535785561,5.29944182557461,7.878185143630219e-14,2.159339568222571e-13,0.7083619379912067,-1.319476605553257,0
0.41470620531262714,1.6229785623168738,5.279130713125409,8.158621116600773e-14,1.8934385745514897e-13,0.728124732170966,-1.3713591484576853,0
0.4295171412166495,1.6340350360103861,5.258043694055377,8.388916429974196e-14,1.554900483305946e-13,0.7465074297235634,-1.4237465617756615,0
0.4443280771206719,1.645338263885638,5.236172282723241,8.555725386969832e-14,1.1262553462001673e-13,0.7631676990906626,-1.4767069058880913,0
0.4591390130246943,1.6568556403461006,5.213506957871075,8.64209607845181e-14,5.83154854725834e-14,0.7776265142930363,-1.5303101032265767,0
0.47394994892871667,1.6685443009938452,5.190037382240137,8.626072975234941e-14,-1.0818427187273898e-14,0.7891912248820223,-1.584611248271219,0
0.48876088483273905,1.6803460142079512,5.16575332776739,8.478382361504637e-14,-9.971727304945419e-14,0.7968242716451677,-1.6396029683817959,0
0.5035718207367614,1.692178765086247,5.140647572556727,8.1594351626292e-14,-2.15345742878966e-13,0.7989198626591958,-1.6950822941475205,0
0.5183827566407838,1.7039232727352027,5.11472428023316,7.615785614095261e-14,-3.670595519497403e-13,0.7929618847223436,-1.7502805016208558,0
0.5331936925448062,1.715405615896807,5.088021615403735,6.781258948770025e-14,-5.634530272887321e-13,0.7752611473043654,-1.802901923447847,0
0.5480046284488286,1.7263963039889538,5.060659841357525,5.598430913031415e-14,-7.986180253631162e-13,0.7420657386790657,-1.8474034472581338,0
0.562815564352851,1.736678943668274,5.032879956765472,4.0598286194681346e-14,-1.0388285435168497e-12,0.6942599539930059,-1.8756333004256438,0
0.5776265002568733,1.7461865459924,5.004825359227682,2.1880361652099872e-14,-1.2637908036529448e-12,0.641931231472267,-1.8941812806151577,0
0.5924374361608957,1.7549117803573608,4.976517677307129,1.7587795760227211e-25,-1.4773112143785857e-12,0.5891075635936779,-1.911268950456014,0
0.610441963989579,1.7643512957268517,4.941767897074941,-3.100610047302766e-14,-1.7221279395082464e-12,0.5242856385521422,-1.9300578478280328,0
0.6284464918182622,1.7726129733531366,4.9067194110111165,-6.660520856372158e-14,-1.9772308587325402e-12,0.45886666425782546,-1.9466484429537976,0
0.6464510196469454,1.7796874083667849,4.871412130236708,-1.0701935379936407e-13,-2.244665649621348e-12,0.39292532861528684,-1.9610223111855514,0
0.6644555474756286,1.7855665499175324,4.8358862606040995,-1.5253544303800703e-13,-2.5280357018903074e-12,0.326536835994201,-1.9731630826781097,0
0.6824600753043119,1.7902437134860705,4.800182257047165,-2.0355289913156475e-13,-2.833590332121051e-12,0.25977707458049143,-1.9830569230510027,0
0.7004646031329951,1.7937136055678211,4.76434077846282,-2.6072111113883115e-13,-3.1752130596131165e-12,0.1927233035360617,-1.9906925038737275,0
0.7184691309616783,1.796126776071933,4.728412678736005,-3.0484807664944465e-13,-2.4508815683355943e-12,0.1340313129604839,-1.99550357935948,0
0.7364736587903615,1.7997507391073795,4.692586450637803,-3.421245015424972e-13,-2.070391690361015e-12,0.20128064839741142,-1.9898454677121227,0
0.7544781866190448,1.8045777801760543,4.656930752306337,-3.7345041106688846e-13,-1.739890640566059e-12,0.26810150838752533,-1.9803739742989752,0
0.772482714447728,1.8101661536909552,4.622222096591871,-4.0030427657843586e-13,-1.4915062318438123e-12,0.3103871186223409,-1.927773726960573,0
0.7904872422764112,1.8163265205751467,4.588585520306506,-4.235715835579253e-13,-1.2923030893295523e-12,0.3421565365561651,-1.8682287369835382,0
0.8084917701050944,1.8229745438497977,4.55606192557268,-4.4366801098584425e-13,-1.1161874158348566e-12,0.36924174507147517,-1.8064119783253703,0
0.8264962979337777,1.830063498721699,4.524670637897104,-4.608265319085051e-13,-9.530114343735164e-13,0.3937317845463145,-1.7435218504073626,0
0.8445008257624609,1.8375638581849913,4.4944227172891935,-4.751963809399659e-13,-7.981241797790053e-13,0.41658184733638154,-1.680017432044071,0
0.8625053535911441,1.8454553146636736,4.465325268980102,-4.868806479149513e-13,-6.489626979134652e-13,0.4383039951822542,-1.6161183778858146,0
0.8805098814198273,1.8537230587415272,4.437383221918683,-4.959551379785791e-13,-5.040115538942052e-13,0.4592036045889497,-1.5519455620993308,0
0.8985144092485106,1.8623558179273032,4.410600186997651,-5.02477270896278e-13,-3.6224959460895615e-13,0.4794771219727813,-1.4875721916108091,0
0.9165189370771938,1.8713447271914625,4.384978919220514,-5.064923285611737e-13,-2.230026634017138e-13,0.4992582615712399,-1.423045803862633,0
0.934523464905877,1.8806826333542335,4.360521587621438,-5.080366631284276e-13,-8.577478848015138e-14,0.5186421022324532,-1.3583989445206501,0
0.9525279927345602,1.8903636435550264,4.337229943065042,-5.071404329262709e-13,4.977804511390728e-14,0.5376986440805114,-1.2936548393838332,0
0.9705325205632435,1.9003828195064185,4.315105427859993,-5.038287402122304e-13,1.8393665955676432e-13,0.5564809056214328,-1.228830626138516,0
0.9885370483919267,1.9107359631493948,4.294149250304506,-4.981229430803889e-13,3.169090116195093e-13,0.5750300003137218,-1.1639393020960425,0
1.0065415762206098,1.9214194619593365,4.274362437102378,-4.900426725466016e-13,4.487910259609946e-13,0.5933784496654041,-1.098990953298176,0
1.024546104049293,1.9324301745175274,4.2557458712685285,-4.796038641180406e-13,5.797879569887712e-13,0.6115524196446501,-1.033993560452688,0
1.042550631877976,1.9437653440562552,4.238300320205885,-4.668207405637384e-13,7.099949328919857e-13,0.6295732743776595,-0.9689535448328386,0
1.0605551597066591,1.9554225319266716,4.222026456936824,-4.5170622445097264e-13,8.394841689364735e-13,0.6474586826900997,-0.9038761484838729,0
1.0785596875353423,1.9673995655662166,4.206924876450393,-4.342706700735809e-13,9.683983110985295e-13,0.6652234234359691,-0.8387657055006248,0
1.0965642153640254,1.9796944972216155,4.192996108490175,-4.145245778332749e-13,1.0967292443140028e-12,0.6828799828791746,-0.7736258397194805,0
1.1145687431927085,1.9923055707860962,4.18024062769945,-3.9247697851308845e-13,1.2245585935333122e-12,0.7004390053700661,-0.7084596114985896,0
1.1325732710213916,2.0052311948511212,4.1686588617714015,-3.6813614460362957e-13,1.3519284755187156e-12,0.7179096385095519,-0.6432696285207331,0
1.1505777988500747,2.0184699205825867,4.158251198070826,-3.4150935795642933e-13,1.478893911933278e-12,0.7352998011075017,-0.5780581306883755,0
1.1685823266787578,2.0320204233884422,4.149017989068985,-3.126042727742027e-13,1.6054342218020929e-12,0.7526163937644705,-0.5128270560437419,0
1.186586854507441,2.04588148759916,4.14095955684566,-2.81427752299681e-13,1.7315933362970881e-12,0.7698654662098922,-0.4475780925777558,0
1.204591382336124,2.060051993566707,4.134076196849987,-2.4798423409989993e-13,1.8575059812895113e-12,0.787052351629652,-0.38231271939865025,0
1.2225959101648072,2.0745309067229956,4.128368181066359,-2.1227988792229107e-13,1.983075948734758e-12,0.8041817754988226,-0.3170322397755474,0
1.2406004379934903,2.0893172682394967,4.123835760698389,-1.743188885076109e-13,2.108414044465602e-12,0.8212579445124328,-0.2517378079057288,0
1.2586049658221734,2.1044101870055205,4.120479168459171,-1.341058357066381e-13,2.2334966571961597e-12,0.8382846198265332,-0.18643045078204123,0
1.2766094936508565,2.119808832700437,4.118298620537365,-9.164570124458682e-14,2.358303132431647e-12,0.8552651778173591,-0.12111108619750768,0
1.2946140214795396,2.135512429779541,4.1172943182944595,-4.6942866389914636e-14,2.4828662650758313e-12,0.8722026608266036,-0.05578053767711606,0
1.3126185493082227,2.151520252227783,4.117466449737549,-2.2549892405909723e-25,2.6072811651413917e-12,0.8890998198097517,0.009560453055324757,0
1.3240636202411682,2.1621870512270966,4.117581149379603,3.263229904580836e-14,2.8512098558848467e-12,0.9319993787551394,0.010021750212576772,0
1.3355086911741136,2.173344838541392,4.117701128598407,6.836248499429342e-14,3.1218841855177538e-12,0.9748989219609562,0.01048304720058184,0
1.346953762107059,2.1849936139390604,4.117826387391469,1.0758529138895633e-13,3.4270479076610367e-12,1.0177984449302444,0.010944343970984366,0
1.3583988330400045,2.197133377111291,4.11795692575547,1.5082941339267297e-13,3.778405765774071e-12,1.0606979409176043,0.011405640451251349,0
1.36984390397295,2.2097641276257534,4.118092743685759,1.9883957134496627e-13,4.194832712917814e-12,1.1035973991304762,0.011866936525330846,0
1.3812889749058954,2.222885864833955,4.118233841175365,2.527439827039726e-13,4.709836371792392e-12,1.1464968006820893,0.012328231990134206,0
1.3927340458388409,2.236498587655091,4.118380218212663,3.1445587922638967e-13,5.3920064700740726e-12,1.189396107799647,0.012789526439492134,0
1.4041791167717863,2.2506022939276384,4.118531874774413,3.879305877989075e-13,6.419768737220064e-12,1.2322952260565678,0.013250818858039554,0
1.4156241877047318,2.265196977169248,4.11868881079091,4.85960871342549e-13,8.565284052422724e-12,1.2751937779256675,0.013712105186242501,0
1.4270692586376772,2.2799266234397795,4.118847198059193,4.069167906155951e-13,-6.906386267723814e-12,1.2869860184204704,0.013838906653474588,0
1.4385143295706226,2.2941652927447262,4.119000305872768,3.5161760840614795e-13,-4.831702881684123e-12,1.244087466855252,0.013377620328539265,0
1.449959400503568,2.3079129785987984,4.119148134161896,3.073126051853787e-13,-3.87109905033109e-12,1.2011883486452455,0.012916327910496312,0
1.4614044714365135,2.321169678840167,4.119290682903333,2.7006193532886523e-13,-3.2547347302350287e-12,1.1582890415478497,0.01245503346135519,0
1.472849542369459,2.333935392387926,4.119427952085457,2.379590569744957e-13,-2.8049523276481652e-12,1.1153896400075538,0.01199373799667352,0
1.4842946133024044,2.346210118593537,4.119559941701291,2.0987954803100606e-13,-2.4534150209469416e-12,1.0724901818019263,0.01153244192267192,0
1.4957396842353499,2.3579938570246424,4.119686651746189,1.8508083720327628e-13,-2.1667590329764923e-12,1.029590685819599,0.011071145442459053,0
1.5071847551682953,2.369286607372417,4.119808082216829,1.6303578782416266e-13,-1.926161009191388e-12,0.9866911628540089,0.010609848672096293,0
1.5186298261012408,2.380088369405242,4.119924233110721,1.4335072651735727e-13,-1.7199597469994295e-12,0.943791619651024,0.010148551684121676,0
1.5300748970341862,2.390399142942971,4.120035104425926,1.2572038266610154e-13,-1.5404311562604543e-12,0.9008920607078741,0.009687254526893724,0
1.5415199679671316,2.400218927841486,4.120140696160897,1.0990045281330464e-13,-1.3822483010364504e-12,0.8579924891726117,0.009225957234263317,0
1.552965038900077,2.4095477239828726,4.120241008314364,9.56924885701721e-14,-1.2414046471115962e-12,0.8150929073347248,0.008764659830849219,0
1.5644101098330225,2.418385531268869,4.120336040885272,8.293037419080703e-14,-1.1150751667437453e-12,0.7721933169113264,0.008303362335115477,0
1.575855180765968,2.426732349616331,4.120425793872725,7.147412944994262e-14,-1.0009762986703465e-12,0.7292937192232709,0.00784206476126518,0
1.5873002516989134,2.434588178953992,4.120510267275958,6.120384841590328e-14,-8.973540744181471e-13,0.686394115308371,0.00738076712045789,0
1.5987453226318589,2.4419530192200867,4.1205894610943075,5.20154190543095e-14,-8.028285202509997e-13,0.643494505996876,0.006919469421621237,0
1.6101903935648043,2.4488268703605724,4.12066337532719,4.381824388569475e-14,-7.162188173699763e-13,0.600594891963363,0.006458171672008923,0
1.6216354644977498,2.4552097323277624,4.120732009974096,3.653167723072983e-14,-6.366554386052467e-13,0.5576952737633656,0.0059968738775945775,0
1.6330805354306952,2.46110160507927,4.120795365034566,3.00847495462763e-14,-5.632929426093898e-13,0.514795651859828,0.00553557604335622,0
1.6445256063636406,2.46650248857717,4.120853440508196,2.4414008080583225e-14,-4.954745583207621e-13,0.47189602664259805,0.005074278173485867,0
1.655970677296586,2.4714123827873284,4.120906236394616,1.9462175243178276e-14,-4.326607380760383e-13,0.4289963984430459,0.004612980271546727,0
1.6674157482295315,2.475831287678864,4.120953752693495,1.517715970762527e-14,-3.7439833797892773e-13,0.386096767545203,0.004151682340592981,0
1.678860819162477,2.4797592032237024,4.120995989404531,1.1511697079519757e-14,-3.2026561035656526e-13,0.3431971341943693,0.0036903843832623295,0
1.6903058900954224,2.4831961293962093,4.121032946527449,8.422982627740716e-15,-2.6987289722347805e-13,0.30029749860384897,0.003229086401848421,0
1.7017509610283679,2.486142066172888,4.121064624061996,5.8717046581137676e-15,-2.229149984662687e-13,0.257397860960283,0.002767788398358198,0
1.7131960319613133,2.488597013532121,4.121091022007939,3.82169698431422e-15,-1.7911707892942924e-13,0.21449822142791544,0.002306490374557771,0
1.7246411028942588,2.490560971453954,4.121112140365064,2.239290186001496e-15,-1.382609865369647e-13,0.17159858015203913,0.0018451923320094673,0
1.7360861738272042,2.4920339399199096,4.121127979133171,1.0936173577932465e-15,-1.0010185474548022e-13,0.1286989372618031,0.0013838942721020213,0
1.7475312447601496,2.4930159189128323,4.121138538312078,3.561570236847018e-16,-6.44347543421062e-14,0.08579929287251906,0.0009225961960753754,0
1.758976315693095,2.493506908416748,4.121143817901611,5.049628530190826e-24,-3.1118812684997235e-14,0.042899647087569846,0.0004612981050412001,0
1.7704213866260405,2.493506908416748,4.121143817901611,4.985462048517055e-24,2.855706505925648e-24,-8.499003954985714e-19,-7.960205582688963e-20,0
1.8029014953872384,2.4922316547285144,4.124887089579383,-5.179057752740359e-14,-1.5945321463684595e-12,-0.03926260523354701,0.11524812633149459,0
1.8353816041484363,2.4896811473790628,4.132373632855627,-1.5597610307159253e-13,-3.207671695777522e-12,-0.07852520963534315,0.23049625022154857,0
1.8678617129096342,2.485855386399267,4.143603447639718,-3.1324610036341807e-13,-4.842040353158671e-12,-0.1177878130865669,0.3457443713213848,0
1.900341821670832,2.4807543718247533,4.158576533827086,-5.243938563586013e-13,-6.500832788229535e-12,-0.1570504154409764,0.4609924892017391,0
1.93282193043203,2.4743781036970818,4.177292891295735,-7.903453847134301e-13,-8.188135400501342e-12,-0.1963130165157693,0.5762406033260313,0
1.9653020391932279,2.466726582065373,4.199752519901483,-1.1121980989714928e-12,-9.909225262429757e-12,-0.2355756160782882,0.6914887130113414,0
1.9977821479544258,2.4577998069885685,4.225955419471319,-1.4912663421211647e-12,-1.1670781213866638e-11,-0.27483821382607837,0.8067368173698731,0
2.030262256715624,2.4475977785387095,4.255901589793781,-1.9291639877051405e-12,-1.348202522375677e-11,-0.3141008093558669,0.9219849152178987,0
2.0627423654768218,2.4361204968058474,4.289591030604539,-2.4279052407831053e-12,-1.5355282728567568e-11,-0.3533634021131537,1.0372330049277925,0
2.0952224742380197,2.423367961905762,4.327023741563746,-2.9900788632027564e-12,-1.730824322534587e-11,-0.39262599130579595,1.1524810841743756,0
2.1277025829992176,2.409340173992827,4.368199722218268,-3.6191396303556985e-12,-1.9367569603377998e-11,-0.4318885757455797,1.2677291494698804,0
2.1601826917604154,2.3940371332831645,4.413118971933722,-4.319929028619209e-12,-2.157595602344609e-11,-0.4711511535313634,1.3829771952338812,0
2.1926628005216133,2.377458840100959,4.461781489758527,-5.099699749144398e-12,-2.400763883714491e-11,-0.5104137213361511,1.498225211700639,0
2.225142909282811,2.359605294986515,4.514187274106724,-5.970506030377153e-12,-2.6810448439073204e-11,-0.5496762725059576,1.6134731793386952,0
2.257623018044009,2.3404764990204447,4.570336321806392,-6.956179264709082e-12,-3.03469807192975e-11,-0.5889387904058503,1.7287210493194962,0
2.290103126805207,2.320072455444564,4.630228623341825,-8.124371974765027e-12,-3.5966403888903994e-11,-0.6282012084964503,1.8439686263299013,0
2.322583235566405,2.299124169376552,4.691718448195448,4.946234433129547e-10,1.5478637063195976e-08,-0.6449573867510464,1.8931532928572186,0
2.355063344327603,2.278175883309369,4.7532082730493785,9.498840219403016e-10,1.4016596495243716e-08,-0.6449573867255223,1.8931532928667247,0
2.3875434530888007,2.257227597242047,4.814698097903262,1.460447283949349e-09,1.571925961710392e-08,-0.6449573867298063,1.8931532928652652,0
2.4200235618499986,2.2362793111747075,4.87618792275714,1.8332001355031993e-09,1.1476342468383332e-08,-0.6449573867303289,1.8931532928650872,0
2.4525036706111965,2.215331025106877,4.937677747610851,1.7515261110017497e-09,-2.5145859301747754e-09,-0.6449573867454579,1.893153292859933,0
2.4849837793723943,2.194382739040149,4.999167572464938,1.1159311078358991e-09,-1.95687461467236e-08,-0.6449573867115105,1.8931532928714982,0
2.5174638881335922,2.173434452972855,5.0606573973188045,8.520460686343588e-12,-3.4095041223276884e-08,-0.6449573867289405,1.8931532928647496,0
2.54994399689479,2.15303040939683,5.120549698854187,7.235133492971666e-12,-3.9572749057792e-11,-0.6282012085008943,1.8439686263283876,0
2.582424105655988,2.13390161343066,5.176698746553822,6.190104761777399e-12,-3.2174422163496265e-11,-0.5889387904089277,1.728721049318448,0
2.614904214417186,2.1160480683161382,5.229104530901992,5.276392826794815e-12,-2.8131430892218763e-11,-0.5496762725083775,1.6134731793378712,0
2.647384323178384,2.0994697751338673,5.277767048726775,4.462650953225454e-12,-2.5053545219229886e-11,-0.5104137213381374,1.4982252116999626,0
2.6798644319395817,2.084166734424151,5.32268629844221,3.733977366144266e-12,-2.2434456499003943e-11,-0.4711511535330265,1.3829771952333145,0
2.7123445407007796,2.07013894651117,5.3638622790967165,3.081642787979043e-12,-2.008412542476948e-11,-0.43188857574698514,1.2677291494694014,0
2.7448246494619775,2.057386411611046,5.401294990055911,2.4999142583277757e-12,-1.791030116103127e-11,-0.3926259913069871,1.1524810841739697,0
2.7773047582231754,2.045909129878151,5.434984430866659,1.984731904067296e-12,-1.5861472572431202e-11,-0.3533634021141615,1.0372330049274492,0
2.8097848669843732,2.0357071014282644,5.464930601189111,1.53307320908004e-12,-1.3905701434463036e-11,-0.31410080935671447,0.92198491521761,0
2.842264975745571,2.026780326351437,5.491133500758939,1.1426006304786651e-12,-1.2021898740459399e-11,-0.27483821382678364,0.8067368173696329,0
2.874745084506769,2.0191288047197093,5.513593129364682,8.114424473462463e-13,-1.019572272901051e-11,-0.2355756160788655,0.6914887130111447,0
2.907225193267967,2.012752536592023,5.5323094868333245,5.380833532115905e-13,-8.416200085699439e-12,-0.19631301651623034,0.5762406033258742,0
2.939705302029165,2.0076515220174973,5.547282573020689,3.212534057198582e-13,-6.6757765218950415e-12,-0.1570504154413309,0.46099248920161834,0
2.9721854107903627,2.0038257610376937,5.558512387804776,1.598844903944317e-13,-4.968238145898063e-12,-0.11778781308682308,0.34574437132129754,0
3.0046655195515606,2.0012752536882363,5.565998931081019,5.30642029218737e-14,-3.2887909416439373e-12,-0.07852520963550809,0.2304962502214924,0
3.0371456283127585,2,5.569742202758789,-9.892061805368442e-24,-1.633744619723769e-12,-0.039262605233626804,0.11524812633146743,0
3.0696257370739564,2,5.569742202758789,-4.888707821003246e-24,3.5297522575752394e-24,5.3918349356918737e-20,-7.913019881631891e-20,0
3.0912324581676573,2.0017500007910267,5.569742202758789,-8.245831937532134e-21,-3.8140647039311794e-19,0.08099335310700065,-1.6763316801066176e-22,0
3.1128391792613583,2.005250002328071,5.569742202758789,-2.5167529715819172e-20,-7.83168242154299e-19,0.16198670413091076,-1.6763336597468962e-22,0
3.1344459003550593,2.010500004560981,5.569742202758789,-5.124939487149649e-20,-1.2071181481879093e-18,0.24298005283366295,-1.6763336595462234e-22,0
3.1560526214487603,2.0175000074335236,5.569742202758789,-8.702854116760849e-20,-1.655926697081519e-18,0.32397339893390475,-1.6763336583915682e-22,0
3.1776593425424613,2.026250010882213,5.569742202758789,-1.3310942584427872e-19,-2.1327106725797486e-18,0.4049667420958286,-1.6763336603940087e-22,0
3.1992660636361623,2.036750014834804,5.569742202758789,-1.9017531461116615e-19,-2.64111748000586e-18,0.4859600819141493,-1.6763336561072046e-22,0
3.2208727847298633,2.04900001920835,5.569742202758789,-2.5897000612528743e-19,-3.183948698884666e-18,0.5669534178935185,-1.6763336540621228e-22,0
3.2424795058235643,2.0630000239066315,5.569742202758789,-3.4033099427654847e-19,-3.765540722152198e-18,0.6479467494197042,-1.6763336573125208e-22,0
3.2640862269172652,2.0787500288166965,5.569742202758789,-4.352490519942005e-19,-4.3929875942425164e-18,0.72894007571824,-1.67633365682675e-22,0
3.2856929480109662,2.096250033804078,5.569742202758789,-5.448534923127728e-19,-5.0727012137783936e-18,0.8099333957933839,-1.6763336607450696e-22,0
3.307299669104667,2.1155000387060006,5.569742202758789,-6.704245001241627e-19,-5.811664216242293e-18,0.8909267083349485,-1.6763336584677477e-22,0
3.328906390198368,2.1365000433213868,5.569742202758789,-8.133943591817331e-19,-6.6169160251916495e-18,0.9719200115703283,-1.6763336610181454e-22,0
3.350513111292069,2.1592500473955414,5.569742202758789,-9.753092887948668e-19,-7.493729794084725e-18,1.052913303017876,-1.6763336585829274e-22,0
3.37211983238577,2.1837500505953997,5.569742202758789,-1.157696353521874e-18,-8.44121900473645e-18,1.1339065790505691,-1.6763336578055589e-22,0
3.393726553479471,2.2100000524667824,5.569742202758789,-1.3616707363425053e-18,-9.440320997122169e-18,1.2148998340630126,-1.6763336560182959e-22,0
3.415333274573172,2.238000052353655,5.569742202758789,-1.586857145604556e-18,-1.0422053780611704e-17,1.2958930587128858,-1.6763336531724635e-22,0
3.436939995666873,2.2677500492251044,5.569742202758789,-1.8281004282908228e-18,-1.1165196312729896e-17,1.3768862356501783,-1.6763336621751027e-22,0
3.458546716760574,2.29925004122549,5.569742202758789,-2.064083787920816e-18,-1.0921757105395546e-17,1.4578793267049193,-1.6763335578671582e-22,0
3.480153437854275,2.3325000240249945,5.569742202758789,-2.20307928557296e-18,-6.432975047393103e-18,1.538872217367513,-1.6763336623799284e-22,0
3.501760158947976,2.3674999759750057,5.569742202758789,-1.5933373060646209e-18,2.8220014358695474e-17,1.6198641060912569,-1.6763336597126508e-22,0
3.523366880041677,2.4007499587745103,5.569742202758789,-1.02536048017484e-18,2.6287043898367517e-17,1.5388722173675127,-1.6763336603699045e-22,0
3.544973601135378,2.432249950774896,5.569742202758789,-6.377018156542677e-19,1.794157766185892e-17,1.4578793267049193,-1.6763336695768427e-22,0
3.566580322229079,2.4619999476463454,5.569742202758789,-3.5558525045979183e-19,1.3056889287889624e-17,1.376886235650178,-1.6763336612876402e-22,0
3.58818704332278,2.4899999475332177,5.569742202758789,-1.3904409018613442e-19,1.0021935273517382e-17,1.2958930587128856,-1.6763336597126358e-22,0
3.609793764416481,2.516249949404601,5.569742202758789,3.3238835506961484e-20,7.973580301536771e-18,1.2148998340630126,-1.6763336598711187e-22,0
3.631400485510182,2.540749952604459,5.569742202758789,1.7352462512233497e-19,6.492692204776876e-18,1.133906579050569,-1.6763336611335658e-22,0
3.653007206603883,2.5634999566786134,5.569742202758789,2.8938602522630205e-19,5.362285170528173e-18,1.0529133030178757,-1.676333660526612e-22,0
3.674613927697584,2.584499961294,5.569742202758789,3.8579598685106096e-19,4.46203573449269e-18,0.971920011570328,-1.6763336597126508e-22,0
3.696220648791285,2.603749966195922,5.569742202758789,4.661884358051026e-19,3.720714892647496e-18,0.8909267083349484,-1.6763336589148945e-22,0
3.717827369884986,2.6212499711833037,5.569742202758789,5.330398975895991e-19,3.094012344361373e-18,0.8099333957933837,-1.6763336591614135e-22,0
3.739434090978687,2.6369999760933687,5.569742202758789,5.882041909781968e-19,2.5531080421674317e-18,0.7289400757182399,-1.6763336589916458e-22,0
3.761040812072388,2.6509999807916502,5.569742202758789,6.331109876980296e-19,2.0783716569346343e-18,0.6479467494197041,-1.6763336605049603e-22,0
3.782647533166089,2.663249985165196,5.569742202758789,6.688932243533513e-19,1.6560697248212348e-18,0.5669534178935185,-1.676333659776011e-22,0
3.80425425425979,2.673749989117787,5.569742202758789,6.964687032972278e-19,1.276245424972517e-18,0.4859600819141493,-1.6763336597126508e-22,0
3.825860975353491,2.6824999925664765,5.569742202758789,7.165961818903184e-19,9.315378537272489e-19,0.40496674209582856,-1.6763336597126508e-22,0
3.847467696447192,2.6894999954390193,5.569742202758789,7.29913316714993e-19,6.163422375631584e-19,0.32397339893390475,-1.67633366132658e-22,0
3.869074417540893,2.6947499976719294,5.569742202758789,7.369638042674193e-19,3.263099256232041e-19,0.24298005283366292,-1.676333659546464e-22,0
3.890681138634594,2.6982499992089735,5.569742202758789,7.38235803412596e-19,5.887053108527841e-20,0.16198670413091076,-1.676333659876084e-22,0
3.912287859728295,2.7,5.569742202758789,7.341367838487486e-19,-1.897103936063772e-19,0.08099335310700065,-1.676330322649563e-22,0
3.933894580821996,2.7,5.569742202758789,7.250160175626051e-19,-4.2212634883253495e-19,8.366899727211165e-18,2.258362720687053e-18,0
3.9693353967475926,2.6972765219730857,5.573581120669466,0.0008536966851242414,0.02408795234613521,-0.07684580492255103,0.10831911767314611,0
4.004776212673189,2.6918295789189637,5.5812589360293,0.0025682095611390945,0.04837678905625556,-0.15369124304465404,0.21663765800293058,0
4.040217028598786,2.6836591862514583,5.592775624579312,0.0051519627664966955,0.07290332171755741,-0.23053624624945782,0.3249555138400434,0
4.0756578445243825,2.6727653624357908,5.608131157332058,0.008614971644515074,0.09771244785354094,-0.3073807284385564,0.4332725517657894,0
4.111098660449979,2.659148129878082,5.627325499281417,0.012969233241172513,0.12286008329482358,-0.38422457841534535,0.541588601957019,0
4.146539476375576,2.6428075162058,5.650358607563065,0.018229272694025803,0.14841756081161583,-0.46106764885397655,0.6499034426860648,0
4.181980292301173,2.6237435561790416,5.677230428740478,0.024412932090467975,0.1744784716418614,-0.5379097384998013,0.7582167756472251,0
4.21742110822677,2.601956294670702,5.707940894630225,0.031542553245034646,0.20116978033265207,-0.6147505620095767,0.8665281847410359,0
4.252861924152366,2.57744579157077,5.742489915538232,0.03964683551578787,0.22867087167974792,-0.6915896956601382,0.9748370630218676,0
4.288302740077963,2.550212130430569,5.7808773685506365,0.04876393052695897,0.2572484513422129,-0.7684264718219845,1.0831424731585133,0
4.32374355600356,2.520255435144835,5.823103075408953,0.05894700880743062,0.2873262935548934,-0.8452597521632156,1.191442853543942,0
4.359184371929157,2.4875759064575567,5.869166755313594,0.07027538203330415,0.3196419983570591,-0.9220873683010536,1.2997353108728573,0
4.3946251878547535,2.452173918274271,5.919067904360503,0.08288041466414141,0.35566428993297616,-0.9989044342998187,1.4080135500173534,0
4.43006600378035,2.414050364924898,5.972805379560266,0.0970230414760506,0.39904913141898085,-1.0756962658366718,1.5162595385101079,0
4.465506819705947,2.373209098100648,6.030374684732563,0.11347864178370864,0.4643121180443389,-1.1523794178436595,1.6243786625330934,0
4.500947635631544,2.3322112029086908,6.088196632516953,0.17711215941433642,1.7954868128378993,-1.156798852431335,1.6315072402897577,0
4.536388451557141,2.29121800150497,6.146021908136973,0.2880811979336275,3.131108458458423,-1.1566664122466772,1.6316011386812395,0
4.571829267482737,2.2506992844433396,6.204180644614996,0.44342205948792013,4.383106243386903,-1.1432783361054155,1.6410100884843288,0
4.607270083408334,2.2107620671796067,6.262740218877554,0.552565636242349,3.0796011294861705,-1.1268707060123035,1.6523201493300563,0
4.642710899333931,2.171776807648835,6.321937808316181,0.6172425627659485,1.824927695211735,-1.1000102145678743,1.6703224204234126,0
4.678151715259528,2.134418856214949,6.382175574853926,0.6420867295202678,0.7010043675744743,-1.054094000327734,1.6996721143272697,0
4.713592531185125,2.099797621700604,6.444026808787413,0.6379890441593348,-0.1156205141981829,-0.9768746460867614,1.7451977985872713,0
4.749033347110721,2.0691991485921144,6.507098686670892,0.6186141518008483,-0.5466830221717652,-0.8633681903013737,1.7796395550229906,0
4.784474163036318,2.042017430964814,6.566982931807409,0.5949013930222271,-0.6690804982697186,-0.7669608308218006,1.6896971351403927,0
4.819914978961915,2.017945289002152,6.6233498642543704,0.5685048050427646,-0.744807569748039,-0.6792208738420887,1.5904524479711895,0
4.855355794887512,1.9968630195209152,6.67609018800227,0.5400260360700013,-0.8035585025052332,-0.5948584684250751,1.4881238586216696,0
4.8907966108131085,1.9787074109958964,6.725149832775251,0.5097753291430834,-0.8535556007062864,-0.5122796428596054,1.3842696194121566,0
4.926237426738705,1.9634394547377758,6.770496603786091,0.4779425857018615,-0.8981944294970096,-0.43080148860490064,1.27950697032597,0
4.961678242664302,1.9510326928802002,6.812109153758736,0.44465673367483693,-0.9391954208075654,-0.3500698709539005,1.1741419853313881,0
4.997119058589899,1.941468004967067,6.849972294139714,0.410011724125855,-0.9775454837635699,-0.2698777571377582,1.068348439281605,0
5.032559874515496,1.934730929069264,6.884074666168225,0.3740797098922802,-1.0138596783153,-0.1900937019041993,0.9622343938160267,0
5.068000690441092,1.930810145048734,6.914407454010561,0.33691843789449333,-1.0485444826040518,-0.1106290563050355,0.855871600304475,0
5.103441506366689,1.9296965517523492,6.940963616092094,0.2985757144273842,-1.0818803818622298,-0.031421209340150844,0.7493101213381738,0
5.138882322292286,1.9313826734766593,6.963737397791425,0.25909225788682927,-1.1140673686359355,0.04757570276741559,0.6425862696598615,0
5.174323138217883,1.9358622609366365,6.982724007629837,0.2185036014983763,-1.1452517479746902,0.12639628470694,0.5357272213560909,0
5.2097639541434795,1.9431300131327573,6.997919393743386,0.17684140492700556,-1.1755428164752642,0.2050672933540638,0.4287538454376797,0
5.245204770069076,1.9531813775732023,7.00932008464097,0.13413438073813203,-1.2050237296601318,0.28360984864307603,0.32168251773656753,0
5.280645585994673,1.9660124030843582,7.016923072715023,0.09040895971358218,-1.2337588704597924,0.36204091740138367,0.2145263272159109,0
5.31608640192027,1.981619628977832,7.020725727081299,0.04568977277147545,-1.2617990239270165,0.44037433918676944,0.10729590352150399,0
5.351527217845867,2,7.020725727081299,-1.571743152387422e-18,-1.2891851267584755,0.5186215537688499,2.3186718722837184e-18,0
5.372045499328059,2.0122178090515166,7.020725727081299,-0.026918384200564405,-1.311921966951064,0.5954596666450729,-2.7066203563776166e-21,0
5.392563780810251,2.026012338167449,7.020725727081299,-0.05428263751522442,-1.3336523011645909,0.6723043120303996,-2.5689546783863898e-21,0
5.413082062292443,2.0413837315693577,7.020725727081299,-0.0820694688957286,-1.3542474989744346,0.7491559863455904,-2.358491190215246e-21,0
5.433600343774636,2.058332144370343,7.020725727081299,-0.11025232571809335,-1.3735486008822102,0.826015220411794,-2.0574896932203867e-21,0
5.454118625256828,2.0768577429366255,7.020725727081299,-0.13880057165963477,-1.3913565795617795,0.9028825626727133,-1.6419510294312132e-21,0
5.47463690673902,2.0969607044840672,7.020725727081299,-0.1676783806237268,-1.4074185008701623,0.9797585419075523,-1.0780989973866018e-21,0
5.495155188221212,2.118641215088917,7.020725727081299,-0.19684321628856735,-1.4214073283943973,1.0566435899451625,-3.1625328372526173e-22,0
5.515673469703405,2.1418994644781066,7.020725727081299,-0.22624368779350232,-1.4328915182520363,1.1335378847090587,7.1876621847968e-22,0
5.536191751185597,2.1667356342324613,7.020725727081299,-0.255816430740656,-1.441287515858747,1.2104410291821488,2.14688513857614e-21,0
5.556710032667789,2.1931498721383584,7.020725727081299,-0.28548139592579636,-1.4457821533880195,1.2873513763236475,4.160689179240828e-21,0
5.577228314149981,2.2211422360071893,7.020725727081299,-0.3151343904451555,-1.4451987387491254,1.3642645410204026,7.066168326590663e-21,0
5.597746595632174,2.2507125653748723,7.020725727081299,-0.34463453950698203,-1.4377495058459688,1.441169885175122,1.1280077265053612e-20,0
5.618264877114366,2.2818601652918433,7.020725727081299,-0.37378148107908404,-1.4205352235469453,1.5180413595555289,1.6856958601415916e-20,0
5.638783158596558,2.3145829264609588,7.020725727081299,-0.40226913539994824,-1.3884035242225639,1.5948100330680772,1.9382826322394668e-20,0
5.6593014400787505,2.3488743537057917,7.020725727081299,-0.4295757973049876,-1.3308454671868848,1.671262151003886,-1.972691615644937e-20,0
5.679819721560943,2.3847094820622083,7.020725727081299,-0.4546242782573979,-1.2207884453748543,1.7464975508556715,7.718882280691796e-19,0
5.700338003043135,2.421903112401991,7.020725727081299,-0.4739757371050431,-0.9431325359504349,1.8127068961434385,-1.082039522673097e-18,0
5.720856284525327,2.4589924055544508,7.020725727081299,-0.4775284782996647,-0.17315003684416713,1.8076218120240226,2.7136825180993794e-18,0
5.7413745660075195,2.4947466094269735,7.020725727081299,-0.4750919712388623,0.11874810582558237,1.7425535322514063,-2.3933774962243724e-18,0
5.761892847489712,2.529009805007772,7.020725727081299,-0.46906195253148875,0.2938851732106183,1.6698862236847212,-1.3224312477271397e-19,0
5.782411128971904,2.5617446295046338,7.020725727081299,-0.46031609780876387,0.42624694131037855,1.5953979637754787,-1.509192119867204e-21,0
5.802929410454096,2.592935895604077,7.020725727081299,-0.44930766876322165,0.5365180829155382,1.5201695193875848,1.2234369957956885e-20,0
5.8234476919362885,2.6225756842239565,7.020725727081299,-0.43631428655319576,0.6332587951533708,1.4445551224942452,1.2239822422146612e-20,0
5.843965973418481,2.6506592296406084,7.020725727081299,-0.4215240255668081,0.7208333212130332,1.3687084584069813,1.0382788172244176e-20,0
5.864484254900673,2.677183383593333,7.020725727081299,-0.4050731218427653,0.8017681080321108,1.2927083574589238,8.541771873631888e-21,0
5.885002536382865,2.702145925701143,7.020725727081299,-0.38706510128372124,0.8776573503330568,1.2166000417469185,6.993507227837257e-21,0
5.905520817865058,2.725545212374861,7.020725727081299,-0.3675815125811928,0.9495721520071061,1.140411622387899,5.719846335011067e-21,0
5.92603909934725,2.7473799809431054,7.020725727081299,-0.34668841073228607,1.0182676296279534,1.0641616641820084,4.65780963767393e-21,0
5.946557380829442,2.7676492324871895,7.020725727081299,-0.32444050059112894,1.0842969553990254,0.9878630216510093,3.750247959972106e-21,0
5.967075662311634,2.786352157804435,7.020725727081299,-0.3008839050259668,1.148078389781851,0.9115249409887054,2.9517684965171367e-21,0
5.987593943793827,2.803488088504893,7.020725727081299,-0.2760580813436327,1.2099367924104232,0.8351542849887651,2.2296923174540686e-21,0
6.008112225276019,2.8190564635090496,7.020725727081299,-0.24999718720605515,1.2701304522115684,0.75875628364239,1.558317941601514e-21,0
6.028630506758211,2.833056805385666,7.020725727081299,-0.22273107773608242,1.328869062140523,0.6823350137177658,9.177559339660848e-22,0
6.049148788240403,2.8454887032037246,7.020725727081299,-0.1942860478376865,1.3863261366740898,0.6058937162377853,2.916983063890897e-22,0
6.069667069722596,2.8563517998307155,7.020725727081299,-0.1646853937168232,1.442647823432803,0.5294350131817108,-3.3392416581228687e-22,0
6.090185351204788,2.8656457823487216,7.020725727081299,-0.13394984299026708,1.4979593078121176,0.45296105943729764,-9.718865186987751e-22,0
6.11070363268698,2.873370374710202,7.020725727081299,-0.10209788715662141,1.5523695715595105,0.37647365195688903,-1.6342749594788181e-21,0
6.131221914169172,2.879525332038734,7.020725727081299,-0.06914604001077264,1.6059750020707109,0.29997430992815344,-2.3327178987215754e-21,0
6.151740195651365,2.8841104361632803,7.020725727081299,-0.03510903876629471,1.65886218463377,0.22346433489207307,-3.0786346605642133e-21,0
6.172258477133557,2.8871254920959473,7.020725727081299,4.299153359583715e-18,1.7111101042632473,0.1469448567261278,1.0204440123343961e-19,0
6.184546781374531,2.8884347722866135,7.020458489877767,0.021373136077676984,1.7393072028938434,0.10654685666881811,-0.021747280852714716,0
6.196835085615506,2.889247397519584,7.019924297476459,0.043086593073594706,1.7670019044219807,0.06612997343125965,-0.04347161258639573,0
6.20912338985648,2.889563113886714,7.0191234615830185,0.06513370881432066,1.794154450311563,0.025692427607496033,-0.06517057827803843,0
6.221411694097455,2.8893816421438983,7.018056328614885,0.08750724585478184,1.8207180259957314,-0.014767842597100532,-0.08684135314422721,0
6.233699998338429,2.88870267345487,7.01672328595783,0.11019928349049993,1.8466370290584069,-0.055253245339155065,-0.10848060325611054,0
6.245988302579404,2.887525864116752,7.015124769876242,0.13320108185230906,1.8718447973571568,-0.09576661800036258,-0.1300843509601048,0
6.258276606820378,2.8858508289478686,7.013261275658058,0.15650290874321734,1.8962605770461665,-0.13631133605058424,-0.151647793026673,0
6.270564911061353,2.883677132890202,7.011133370837527,0.1800938157858964,1.9197853975667079,-0.17689145833636144,-0.17316505018126824,0
6.282853215302327,2.881004280187076,7.00874171275082,0.20396134409322836,1.9422963363608943,-0.2175119244047933,-0.19462881450580838,0
6.295141519543302,2.877831700202733,7.006087072346661,0.22809112949504373,1.9636383449359156,-0.25817882778033846,-0.216029840415808,0
6.307429823784276,2.8741587284886347,7.0031703672951116,0.2524663604670872,1.9836122620374845,-0.2988998027776321,-0.23735618799405125,0
6.319718128025251,2.8699845809555167,6.999992709402271,0.277067012708835,2.001956637736833,-0.33968458554273095,-0.258592058800561,0
6.332006432266225,2.865308317770758,6.996555474958899,0.30186873127286007,2.018319051812392,-0.38054585018867615,-0.2797159295511843,0
6.3442947365072,2.860128791482679,6.992860413735959,0.3268411288320515,2.0322086001031363,-0.42150049237943227,-0.30069740710191856,0
6.356583040748174,2.854444570182154,6.988909827270394,0.35194505602589765,2.0429122441597376,-0.4625716607481121,-0.3214915897339156,0
6.368871344989149,2.848253820159924,6.984706881625351,0.3771279134998539,2.0493354477655656,-0.5037920530635492,-0.34202812386670783,0
6.381159649230123,2.8415541232371284,6.980256210075277,0.4023148112215685,2.0496642358293196,-0.5452092324062063,-0.3621876104949108,0
6.393447953471098,2.834342206498166,6.975565239814516,0.42738944364134324,2.040528288367553,-0.5868927557078905,-0.3817426854650204,0
6.405736257712072,2.826613769279876,6.970647770746664,0.45214237141948693,2.014348545799132,-0.6289262592083734,-0.4001747492102731,0
6.418024561953047,2.8183673750149616,6.965537341737738,0.4760580911789539,1.9462180696765496,-0.6710766679601743,-0.41587748062801133,0
6.430312866194021,2.8097944405684907,6.960317699869603,0.4961558137441085,1.6355163553112952,-0.6976499180322555,-0.4247650258146233,0
6.442601170434996,2.8013054001910516,6.9552176306822915,0.5109692347981398,1.2054894445595823,-0.6908227702511507,-0.415034417060212,0
6.45488947467597,2.793196458037483,6.950402616294638,0.5234368395160692,1.0145911489037711,-0.6598910634495895,-0.3918371724227358,0
6.467177778916945,2.7855235857706355,6.945886118051863,0.5344554048897527,0.8966709447950396,-0.624404483839435,-0.3675444678294871,0
6.479466083157919,2.778306789587021,6.94166443646091,0.5443594287275119,0.8059715680488011,-0.5872898360988693,-0.34355282129783854,0
6.491754387398894,2.771555821199253,6.937733780510028,0.553318739588268,0.7290925326280502,-0.5493816116025271,-0.31986968045397424,0
6.504042691639868,2.765276366428305,6.934091238933442,0.5614354966687092,0.6605270280805957,-0.5110106852668436,-0.29642345315967883,0
6.516330995880843,2.7594721283092265,6.9307346052021455,0.5687778265938942,0.597505545207979,-0.47233841262853876,-0.27315678920971315,0
6.528619300121817,2.7541457035174868,6.927662173229468,0.5753943842258893,0.5384435071140723,-0.43345482723149364,-0.25002896351093973,0
6.540907604362792,2.7492990111023503,6.924872592459862,0.581321652916165,0.4823504182547465,-0.3944150730721071,-0.22701104358268792,0
6.553195908603766,2.7449335258975074,6.922364770499055,0.5865880029628809,0.42856605300799705,-0.3552552996114,-0.20408202072715148,0
6.565484212844741,2.7410504161045037,6.920137807129674,0.5912161269965688,0.3766283730391035,-0.3160004600192042,-0.1812262559349129,0
6.577772517085715,2.7376506295127556,6.918190948582893,0.5952245898209205,0.32620146325687877,-0.27666849103650915,-0.15843183148809784,0
6.59006082132669,2.7347349502220464,6.916523555058555,0.5986288617114565,0.2770334965490737,-0.23727271343001743,-0.13568947282227276,0
6.602349125567664,2.7323040374620575,6.915135077107956,0.6014420338670337,0.22893086795464895,-0.19782328890285372,-0.112991827299468,0
6.614637429808639,2.7303584530428124,6.914025038089653,0.6036753295306407,0.18174156659959032,-0.15832814529103473,-0.09033296999605815,0
6.626925734049613,2.7288986813074936,6.913193020883865,0.6053384788727895,0.1353440889429648,-0.11879358670593029,-0.0677080571470596,0
6.6392140382905875,2.7279251439801917,6.912638657657414,0.6064400001869974,0.08963981462430114,-0.07922470897615673,-0.045113077897442434,0
6.651502342531562,2.72743821144104,6.9123616218566895,0.6069874149254313,0.04454762249526025,-0.03962569038032539,-0.022544672990831318,0
6.6637906467725365,2.72743821144104,6.9123616218566895,0.6069874149254313,6.012416158213674e-19,1.082959097812184e-18,6.625936872913722e-21,0
